timestamp,Channel 1
5.0,13.0
14.0,61.0
54.0,96.0
15748.0,14748.0
15750.0,17164.0
15752.0,18167.0
15754.0,17765.0
15756.0,16218.0
15758.0,13735.0
15760.0,11084.0
15762.0,9588.0
15764.0,9953.0
15766.0,11876.0
15768.0,14743.0
15770.0,17129.0
15772.0,18123.0
15774.0,17739.0
15776.0,16198.0
15778.0,13718.0
15780.0,11073.0
15782.0,9571.0
15784.0,9928.0
15786.0,11841.0
15788.0,14693.0
15790.0,17092.0
15792.0,18101.0
15794.0,17721.0
15796.0,16175.0
15798.0,13696.0
15800.0,11061.0
15802.0,9573.0
15804.0,9879.0
15806.0,11763.0
15808.0,14619.0
15810.0,17038.0
15812.0,18046.0
15814.0,17654.0
15816.0,16112.0
15818.0,13651.0
15820.0,11021.0
15822.0,9538.0
15824.0,9895.0
15826.0,11804.0
15828.0,14618.0
15830.0,16973.0
15832.0,17968.0
15834.0,17592.0
15836.0,16062.0
15838.0,13623.0
15840.0,11032.0
15842.0,9566.0
15844.0,9909.0
15846.0,11806.0
15848.0,14607.0
15850.0,16949.0
15852.0,17936.0
15854.0,17556.0
15856.0,16046.0
15858.0,13624.0
15860.0,11047.0
15862.0,9586.0
15864.0,9918.0
15866.0,11757.0
15868.0,14499.0
15870.0,16864.0
15872.0,17884.0
15874.0,17524.0
15876.0,16032.0
15878.0,13643.0
15880.0,11089.0
15882.0,9637.0
15884.0,9919.0
15886.0,11671.0
15888.0,14338.0
15890.0,16719.0
15892.0,17873.0
15894.0,17567.0
15896.0,16094.0
15898.0,13717.0
15900.0,11158.0
15902.0,9686.0
15904.0,9996.0
15906.0,11801.0
15908.0,14569.0
15910.0,16984.0
15912.0,18039.0
15914.0,17711.0
15916.0,16225.0
15918.0,13793.0
15920.0,11169.0
15922.0,9653.0
15924.0,9971.0
15926.0,11866.0
15928.0,14728.0
15930.0,17161.0
15932.0,18203.0
15934.0,17849.0
15936.0,16327.0
15938.0,13864.0
15940.0,11207.0
15942.0,9676.0
15944.0,9993.0
15946.0,11894.0
15948.0,14749.0
15950.0,17177.0
15952.0,18215.0
15954.0,17853.0
15956.0,16326.0
15958.0,13863.0
15960.0,11228.0
15962.0,9712.0
15964.0,10014.0
15966.0,11843.0
15968.0,14644.0
15970.0,17074.0
15972.0,18106.0
15974.0,17754.0
15976.0,16254.0
15978.0,13843.0
15980.0,11242.0
15982.0,9729.0
15984.0,10003.0
15986.0,11817.0
15988.0,14655.0
15990.0,17166.0
15992.0,18244.0
15994.0,17904.0
15996.0,16396.0
15998.0,13954.0
16000.0,11315.0
16002.0,9786.0
16004.0,10056.0
16006.0,11883.0
16008.0,14709.0
16010.0,17174.0
16012.0,18236.0
16014.0,17898.0
16016.0,16400.0
16018.0,13976.0
16020.0,11353.0
16022.0,9814.0
16024.0,10106.0
16026.0,11956.0
16028.0,14779.0
16030.0,17239.0
16032.0,18294.0
16034.0,17953.0
16036.0,16460.0
16038.0,14026.0
16040.0,11385.0
16042.0,9840.0
16044.0,10129.0
16046.0,11990.0
16048.0,14830.0
16050.0,17293.0
16052.0,18369.0
16054.0,18033.0
16056.0,16528.0
16058.0,14085.0
16060.0,11436.0
16062.0,9881.0
16064.0,10153.0
16066.0,11987.0
16068.0,14830.0
16070.0,17314.0
16072.0,18393.0
16074.0,18064.0
16076.0,16566.0
16078.0,14136.0
16080.0,11486.0
16082.0,9914.0
16084.0,10171.0
16086.0,11982.0
16088.0,14805.0
16090.0,17327.0
16092.0,18431.0
16094.0,18112.0
16096.0,16622.0
16098.0,14193.0
16100.0,11539.0
16102.0,9966.0
16104.0,10154.0
16106.0,11861.0
16108.0,14594.0
16110.0,17204.0
16112.0,18461.0
16114.0,18175.0
16116.0,16689.0
16118.0,14260.0
16120.0,11600.0
16122.0,10013.0
16124.0,10226.0
16126.0,11988.0
16128.0,14795.0
16130.0,17371.0
16132.0,18521.0
16134.0,18227.0
16136.0,16734.0
16138.0,14303.0
16140.0,11643.0
16142.0,10062.0
16144.0,10288.0
16146.0,12081.0
16148.0,14909.0
16150.0,17439.0
16152.0,18553.0
16154.0,18244.0
16156.0,16759.0
16158.0,14341.0
16160.0,11684.0
16162.0,10087.0
16164.0,10311.0
16166.0,12110.0
16168.0,14933.0
16170.0,17461.0
16172.0,18584.0
16174.0,18285.0
16176.0,16804.0
16178.0,14388.0
16180.0,11721.0
16182.0,10131.0
16184.0,10346.0
16186.0,12139.0
16188.0,14963.0
16190.0,17496.0
16192.0,18619.0
16194.0,18326.0
16196.0,16850.0
16198.0,14431.0
16200.0,11769.0
16202.0,10171.0
16204.0,10383.0
16206.0,12170.0
16208.0,14988.0
16210.0,17528.0
16212.0,18661.0
16214.0,18378.0
16216.0,16885.0
16218.0,14462.0
16220.0,11790.0
16222.0,10184.0
16224.0,10390.0
16226.0,12161.0
16228.0,14973.0
16230.0,17529.0
16232.0,18688.0
16234.0,18404.0
16236.0,16930.0
16238.0,14514.0
16240.0,11848.0
16242.0,10233.0
16244.0,10416.0
16246.0,12144.0
16248.0,14950.0
16250.0,17549.0
16252.0,18736.0
16254.0,18454.0
16256.0,16987.0
16258.0,14574.0
16260.0,11904.0
16262.0,10277.0
16264.0,10468.0
16266.0,12231.0
16268.0,15044.0
16270.0,17616.0
16272.0,18773.0
16274.0,18495.0
16276.0,17024.0
16278.0,14595.0
16280.0,11919.0
16282.0,10294.0
16284.0,10487.0
16286.0,12273.0
16288.0,15118.0
16290.0,17692.0
16292.0,18844.0
16294.0,18558.0
16296.0,17078.0
16298.0,14641.0
16300.0,11938.0
16302.0,10289.0
16304.0,10493.0
16306.0,12319.0
16308.0,15187.0
16310.0,17754.0
16312.0,18903.0
16314.0,18632.0
16316.0,17155.0
16318.0,14677.0
16320.0,11929.0
16322.0,10265.0
16324.0,10472.0
16326.0,12314.0
16328.0,15216.0
16330.0,17823.0
16332.0,18991.0
16334.0,18699.0
16336.0,17168.0
16338.0,14649.0
16340.0,11839.0
16342.0,10093.0
16344.0,10264.0
16346.0,12129.0
16348.0,15081.0
16350.0,17719.0
16352.0,18899.0
16354.0,18599.0
16356.0,17048.0
16358.0,14498.0
16360.0,11651.0
16362.0,9914.0
16364.0,10114.0
16366.0,11991.0
16368.0,14974.0
16370.0,17666.0
16372.0,18872.0
16374.0,18564.0
16376.0,16974.0
16378.0,14367.0
16380.0,11464.0
16382.0,9673.0
16384.0,9851.0
16386.0,11736.0
16388.0,14753.0
16390.0,17531.0
16392.0,18774.0
16394.0,18451.0
16396.0,16828.0
16398.0,14161.0
16400.0,11199.0
16402.0,9362.0
16404.0,9503.0
16406.0,11385.0
16408.0,14457.0
16410.0,17319.0
16412.0,18620.0
16414.0,18301.0
16416.0,16618.0
16418.0,13883.0
16420.0,10833.0
16422.0,8925.0
16424.0,9094.0
16426.0,11054.0
16428.0,14251.0
16430.0,17225.0
16432.0,18563.0
16434.0,18216.0
16436.0,16486.0
16438.0,13659.0
16440.0,10543.0
16442.0,8627.0
16444.0,8809.0
16446.0,10827.0
16448.0,14072.0
16450.0,17103.0
16452.0,18476.0
16454.0,18133.0
16456.0,16389.0
16458.0,13538.0
16460.0,10371.0
16462.0,8433.0
16464.0,8606.0
16466.0,10623.0
16468.0,13917.0
16470.0,16982.0
16472.0,18353.0
16474.0,18003.0
16476.0,16233.0
16478.0,13340.0
16480.0,10103.0
16482.0,8079.0
16484.0,8201.0
16486.0,10212.0
16488.0,13476.0
16490.0,16557.0
16492.0,17966.0
16494.0,17639.0
16496.0,15885.0
16498.0,12973.0
16500.0,9692.0
16502.0,7614.0
16504.0,7663.0
16506.0,9618.0
16508.0,12883.0
16510.0,16018.0
16512.0,17514.0
16514.0,17284.0
16516.0,15592.0
16518.0,12752.0
16520.0,9475.0
16522.0,7305.0
16524.0,7191.0
16526.0,8990.0
16528.0,12145.0
16530.0,15268.0
16532.0,16888.0
16534.0,16905.0
16536.0,15548.0
16538.0,13103.0
16540.0,10074.0
16542.0,7683.0
16544.0,6820.0
16546.0,7296.0
16548.0,8532.0
16550.0,10030.0
16552.0,10951.0
16554.0,11748.0
16556.0,12556.0
16558.0,13252.0
16560.0,13181.0
16562.0,12166.0
16564.0,10772.0
16566.0,9549.0
16568.0,8856.0
16570.0,9341.0
16572.0,10311.0
16574.0,11388.0
16576.0,12355.0
16578.0,13128.0
16580.0,13059.0
16582.0,12027.0
16584.0,10648.0
16586.0,9443.0
16588.0,8727.0
16590.0,9190.0
16592.0,10151.0
16594.0,11228.0
16596.0,12170.0
16598.0,12918.0
16600.0,12869.0
16602.0,11884.0
16604.0,10516.0
16606.0,9331.0
16608.0,8685.0
16610.0,9201.0
16612.0,10119.0
16614.0,11150.0
16616.0,12098.0
16618.0,12897.0
16620.0,12892.0
16622.0,11966.0
16624.0,10684.0
16626.0,9632.0
16628.0,9023.0
16630.0,9504.0
16632.0,10388.0
16634.0,11411.0
16636.0,12305.0
16638.0,13018.0
16640.0,12972.0
16642.0,12066.0
16644.0,10799.0
16646.0,9714.0
16648.0,9094.0
16650.0,9558.0
16652.0,10427.0
16654.0,11408.0
16656.0,12272.0
16658.0,12963.0
16660.0,12897.0
16662.0,11983.0
16664.0,10742.0
16666.0,9686.0
16668.0,9102.0
16670.0,9586.0
16672.0,10451.0
16674.0,11412.0
16676.0,12240.0
16678.0,12878.0
16680.0,12771.0
16682.0,11851.0
16684.0,10653.0
16686.0,9646.0
16688.0,9079.0
16690.0,9584.0
16692.0,10479.0
16694.0,11414.0
16696.0,12195.0
16698.0,12789.0
16700.0,12649.0
16702.0,11716.0
16704.0,10559.0
16706.0,9604.0
16708.0,9111.0
16710.0,9531.0
16712.0,10427.0
16714.0,11390.0
16716.0,12159.0
16718.0,12698.0
16720.0,12495.0
16722.0,11541.0
16724.0,10406.0
16726.0,9492.0
16728.0,9051.0
16730.0,9644.0
16732.0,10538.0
16734.0,11419.0
16736.0,12102.0
16738.0,12561.0
16740.0,12329.0
16742.0,11376.0
16744.0,10259.0
16746.0,9404.0
16748.0,9033.0
16750.0,9631.0
16752.0,10509.0
16754.0,11341.0
16756.0,11996.0
16758.0,12443.0
16760.0,12183.0
16762.0,11228.0
16764.0,10145.0
16766.0,9325.0
16768.0,8954.0
16770.0,9531.0
16772.0,10381.0
16774.0,11203.0
16776.0,11822.0
16778.0,12230.0
16780.0,11974.0
16782.0,11072.0
16784.0,10031.0
16786.0,9236.0
16788.0,8876.0
16790.0,9472.0
16792.0,10321.0
16794.0,11133.0
16796.0,11770.0
16798.0,12221.0
16800.0,11996.0
16802.0,11092.0
16804.0,10051.0
16806.0,9266.0
16808.0,8883.0
16810.0,9426.0
16812.0,10268.0
16814.0,11099.0
16816.0,11739.0
16818.0,12180.0
16820.0,11956.0
16822.0,11082.0
16824.0,10063.0
16826.0,9263.0
16828.0,8847.0
16830.0,9388.0
16832.0,10248.0
16834.0,11048.0
16836.0,11674.0
16838.0,12132.0
16840.0,11934.0
16842.0,11062.0
16844.0,10023.0
16846.0,9231.0
16848.0,8832.0
16850.0,9356.0
16852.0,10168.0
16854.0,10974.0
16856.0,11623.0
16858.0,12089.0
16860.0,11896.0
16862.0,11038.0
16864.0,10011.0
16866.0,9206.0
16868.0,8783.0
16870.0,9295.0
16872.0,10115.0
16874.0,10926.0
16876.0,11567.0
16878.0,12038.0
16880.0,11874.0
16882.0,11011.0
16884.0,9969.0
16886.0,9146.0
16888.0,8719.0
16890.0,9234.0
16892.0,10052.0
16894.0,10864.0
16896.0,11528.0
16898.0,12017.0
16900.0,11838.0
16902.0,10969.0
16904.0,9929.0
16906.0,9093.0
16908.0,8651.0
16910.0,9153.0
16912.0,9988.0
16914.0,10818.0
16916.0,11478.0
16918.0,11954.0
16920.0,11789.0
16922.0,10919.0
16924.0,9863.0
16926.0,9023.0
16928.0,8589.0
16930.0,9104.0
16932.0,9922.0
16934.0,10756.0
16936.0,11435.0
16938.0,11911.0
16940.0,11734.0
16942.0,10860.0
16944.0,9807.0
16946.0,8979.0
16948.0,8548.0
16950.0,9055.0
16952.0,9872.0
16954.0,10694.0
16956.0,11357.0
16958.0,11841.0
16960.0,11671.0
16962.0,10816.0
16964.0,9768.0
16966.0,8926.0
16968.0,8488.0
16970.0,9006.0
16972.0,9819.0
16974.0,10634.0
16976.0,11293.0
16978.0,11796.0
16980.0,11637.0
16982.0,10769.0
16984.0,9704.0
16986.0,8880.0
16988.0,8433.0
16990.0,8944.0
16992.0,9759.0
16994.0,10586.0
16996.0,11256.0
16998.0,11753.0
17000.0,11579.0
17002.0,10720.0
17004.0,9663.0
17006.0,8821.0
17008.0,8368.0
17010.0,8885.0
17012.0,9720.0
17014.0,10551.0
17016.0,11213.0
17018.0,11709.0
17020.0,11545.0
17022.0,10673.0
17024.0,9601.0
17026.0,8769.0
17028.0,8321.0
17030.0,8833.0
17032.0,9664.0
17034.0,10493.0
17036.0,11169.0
17038.0,11692.0
17040.0,11516.0
17042.0,10641.0
17044.0,9572.0
17046.0,8723.0
17048.0,8261.0
17050.0,8769.0
17052.0,9611.0
17054.0,10454.0
17056.0,11134.0
17058.0,11648.0
17060.0,11503.0
17062.0,10628.0
17064.0,9538.0
17066.0,8661.0
17068.0,8189.0
17070.0,8702.0
17072.0,9546.0
17074.0,10403.0
17076.0,11119.0
17078.0,11660.0
17080.0,11519.0
17082.0,10621.0
17084.0,9497.0
17086.0,8594.0
17088.0,8089.0
17090.0,8593.0
17092.0,9474.0
17094.0,10377.0
17096.0,11137.0
17098.0,11741.0
17100.0,11654.0
17102.0,10754.0
17104.0,9559.0
17106.0,8548.0
17108.0,7953.0
17110.0,8435.0
17112.0,9349.0
17114.0,10324.0
17116.0,11179.0
17118.0,11916.0
17120.0,11950.0
17122.0,11074.0
17124.0,9773.0
17126.0,8582.0
17128.0,7761.0
17130.0,8154.0
17132.0,9108.0
17134.0,10211.0
17136.0,11183.0
17138.0,11998.0
17140.0,12061.0
17142.0,11110.0
17144.0,9709.0
17146.0,8490.0
17148.0,7582.0
17150.0,7930.0
17152.0,8923.0
17154.0,10106.0
17156.0,11226.0
17158.0,12232.0
17160.0,12388.0
17162.0,11397.0
17164.0,9851.0
17166.0,8399.0
17168.0,7338.0
17170.0,7584.0
17172.0,8669.0
17174.0,10006.0
17176.0,11279.0
17178.0,12435.0
17180.0,12721.0
17182.0,11746.0
17184.0,10043.0
17186.0,8331.0
17188.0,7007.0
17190.0,7243.0
17192.0,8425.0
17194.0,9871.0
17196.0,11243.0
17198.0,12489.0
17200.0,12788.0
17202.0,11744.0
17204.0,9959.0
17206.0,8218.0
17208.0,6903.0
17210.0,7141.0
17212.0,8332.0
17214.0,9801.0
17216.0,11214.0
17218.0,12502.0
17220.0,12811.0
17222.0,11751.0
17224.0,9943.0
17226.0,8175.0
17228.0,6846.0
17230.0,7088.0
17232.0,8270.0
17234.0,9751.0
17236.0,11186.0
17238.0,12500.0
17240.0,12848.0
17242.0,11791.0
17244.0,9973.0
17246.0,8149.0
17248.0,6806.0
17250.0,7027.0
17252.0,8192.0
17254.0,9686.0
17256.0,11159.0
17258.0,12523.0
17260.0,12904.0
17262.0,11851.0
17264.0,9983.0
17266.0,8146.0
17268.0,6769.0
17270.0,6961.0
17272.0,8134.0
17274.0,9653.0
17276.0,11125.0
17278.0,12479.0
17280.0,12875.0
17282.0,11847.0
17284.0,9995.0
17286.0,8166.0
17288.0,6752.0
17290.0,6948.0
17292.0,8126.0
17294.0,9627.0
17296.0,11101.0
17298.0,12483.0
17300.0,12904.0
17302.0,11892.0
17304.0,10028.0
17306.0,8179.0
17308.0,6743.0
17310.0,6907.0
17312.0,8077.0
17314.0,9593.0
17316.0,11081.0
17318.0,12464.0
17320.0,12896.0
17322.0,11895.0
17324.0,10031.0
17326.0,8171.0
17328.0,6734.0
17330.0,6896.0
17332.0,8034.0
17334.0,9531.0
17336.0,11013.0
17338.0,12418.0
17340.0,12876.0
17342.0,11893.0
17344.0,10013.0
17346.0,8166.0
17348.0,6784.0
17350.0,6914.0
17352.0,8032.0
17354.0,9511.0
17356.0,10976.0
17358.0,12348.0
17360.0,12767.0
17362.0,11786.0
17364.0,9962.0
17366.0,8136.0
17368.0,6783.0
17370.0,6974.0
17372.0,8058.0
17374.0,9504.0
17376.0,10941.0
17378.0,12307.0
17380.0,12750.0
17382.0,11786.0
17384.0,9955.0
17386.0,8122.0
17388.0,6775.0
17390.0,6958.0
17392.0,8026.0
17394.0,9465.0
17396.0,10911.0
17398.0,12268.0
17400.0,12693.0
17402.0,11727.0
17404.0,9909.0
17406.0,8097.0
17408.0,6734.0
17410.0,6921.0
17412.0,8003.0
17414.0,9448.0
17416.0,10876.0
17418.0,12221.0
17420.0,12676.0
17422.0,11720.0
17424.0,9924.0
17426.0,8117.0
17428.0,6786.0
17430.0,6834.0
17432.0,7878.0
17434.0,9361.0
17436.0,10820.0
17438.0,12193.0
17440.0,12659.0
17442.0,11717.0
17444.0,9916.0
17446.0,8094.0
17448.0,6672.0
17450.0,6825.0
17452.0,7894.0
17454.0,9328.0
17456.0,10772.0
17458.0,12152.0
17460.0,12639.0
17462.0,11724.0
17464.0,9941.0
17466.0,8123.0
17468.0,6681.0
17470.0,6766.0
17472.0,7846.0
17474.0,9286.0
17476.0,10726.0
17478.0,12118.0
17480.0,12623.0
17482.0,11718.0
17484.0,9956.0
17486.0,8159.0
17488.0,6681.0
17490.0,6721.0
17492.0,7792.0
17494.0,9232.0
17496.0,10684.0
17498.0,12079.0
17500.0,12592.0
17502.0,11715.0
17504.0,9993.0
17506.0,8183.0
17508.0,6653.0
17510.0,6606.0
17512.0,7709.0
17514.0,9184.0
17516.0,10647.0
17518.0,12074.0
17520.0,12611.0
17522.0,11729.0
17524.0,9985.0
17526.0,8154.0
17528.0,6624.0
17530.0,6603.0
17532.0,7672.0
17534.0,9126.0
17536.0,10597.0
17538.0,12025.0
17540.0,12576.0
17542.0,11713.0
17544.0,9955.0
17546.0,8127.0
17548.0,6579.0
17550.0,6542.0
17552.0,7632.0
17554.0,9087.0
17556.0,10559.0
17558.0,12009.0
17560.0,12604.0
17562.0,11759.0
17564.0,9998.0
17566.0,8102.0
17568.0,6516.0
17570.0,6408.0
17572.0,7484.0
17574.0,8973.0
17576.0,10496.0
17578.0,11982.0
17580.0,12573.0
17582.0,11699.0
17584.0,9905.0
17586.0,8036.0
17588.0,6469.0
17590.0,6442.0
17592.0,7528.0
17594.0,8991.0
17596.0,10482.0
17598.0,11917.0
17600.0,12469.0
17602.0,11591.0
17604.0,9823.0
17606.0,7996.0
17608.0,6482.0
17610.0,6488.0
17612.0,7529.0
17614.0,8937.0
17616.0,10378.0
17618.0,11790.0
17620.0,12355.0
17622.0,11521.0
17624.0,9809.0
17626.0,7995.0
17628.0,6481.0
17630.0,6448.0
17632.0,7478.0
17634.0,8891.0
17636.0,10343.0
17638.0,11763.0
17640.0,12343.0
17642.0,11539.0
17644.0,9821.0
17646.0,7987.0
17648.0,6468.0
17650.0,6438.0
17652.0,7433.0
17654.0,8827.0
17656.0,10303.0
17658.0,11734.0
17660.0,12329.0
17662.0,11516.0
17664.0,9791.0
17666.0,7957.0
17668.0,6418.0
17670.0,6347.0
17672.0,7339.0
17674.0,8750.0
17676.0,10228.0
17678.0,11676.0
17680.0,12294.0
17682.0,11506.0
17684.0,9755.0
17686.0,7886.0
17688.0,6336.0
17690.0,6306.0
17692.0,7293.0
17694.0,8705.0
17696.0,10173.0
17698.0,11618.0
17700.0,12228.0
17702.0,11423.0
17704.0,9673.0
17706.0,7838.0
17708.0,6336.0
17710.0,6300.0
17712.0,7287.0
17714.0,8693.0
17716.0,10141.0
17718.0,11556.0
17720.0,12138.0
17722.0,11329.0
17724.0,9630.0
17726.0,7834.0
17728.0,6347.0
17730.0,6307.0
17732.0,7304.0
17734.0,8678.0
17736.0,10085.0
17738.0,11441.0
17740.0,11994.0
17742.0,11193.0
17744.0,9518.0
17746.0,7779.0
17748.0,6351.0
17750.0,6351.0
17752.0,7337.0
17754.0,8664.0
17756.0,10008.0
17758.0,11346.0
17760.0,11857.0
17762.0,11052.0
17764.0,9442.0
17766.0,7769.0
17768.0,6402.0
17770.0,6424.0
17772.0,7394.0
17774.0,8693.0
17776.0,9979.0
17778.0,11214.0
17780.0,11688.0
17782.0,10903.0
17784.0,9332.0
17786.0,7725.0
17788.0,6414.0
17790.0,6467.0
17792.0,7418.0
17794.0,8661.0
17796.0,9935.0
17798.0,11158.0
17800.0,11614.0
17802.0,10853.0
17804.0,9324.0
17806.0,7771.0
17808.0,6504.0
17810.0,6551.0
17812.0,7463.0
17814.0,8680.0
17816.0,9901.0
17818.0,11083.0
17820.0,11528.0
17822.0,10794.0
17824.0,9305.0
17826.0,7778.0
17828.0,6548.0
17830.0,6624.0
17832.0,7486.0
17834.0,8662.0
17836.0,9844.0
17838.0,10983.0
17840.0,11429.0
17842.0,10741.0
17844.0,9331.0
17846.0,7927.0
17848.0,6809.0
17850.0,6904.0
17852.0,7754.0
17854.0,8844.0
17856.0,9912.0
17858.0,10874.0
17860.0,11137.0
17862.0,10373.0
17864.0,8976.0
17866.0,7616.0
17868.0,6634.0
17870.0,6888.0
17872.0,7742.0
17874.0,8687.0
17876.0,9584.0
17878.0,10409.0
17880.0,10596.0
17882.0,9923.0
17884.0,8856.0
17886.0,7846.0
17888.0,7117.0
17890.0,7330.0
17892.0,8091.0
17894.0,8946.0
17896.0,9726.0
17898.0,10423.0
17900.0,10554.0
17902.0,9882.0
17904.0,8814.0
17906.0,7818.0
17908.0,7024.0
17910.0,7091.0
17912.0,7729.0
17914.0,8488.0
17916.0,9243.0
17918.0,10001.0
17920.0,10241.0
17922.0,9657.0
17924.0,8643.0
17926.0,7671.0
17928.0,6924.0
17930.0,7101.0
17932.0,7846.0
17934.0,8692.0
17936.0,9480.0
17938.0,10198.0
17940.0,10383.0
17942.0,9764.0
17944.0,8738.0
17946.0,7770.0
17948.0,7011.0
17950.0,7169.0
17952.0,7861.0
17954.0,8676.0
17956.0,9448.0
17958.0,10169.0
17960.0,10357.0
17962.0,9754.0
17964.0,8753.0
17966.0,7774.0
17968.0,7011.0
17970.0,7187.0
17972.0,7865.0
17974.0,8677.0
17976.0,9467.0
17978.0,10209.0
17980.0,10405.0
17982.0,9795.0
17984.0,8749.0
17986.0,7777.0
17988.0,7025.0
17990.0,7202.0
17992.0,7868.0
17994.0,8688.0
17996.0,9473.0
17998.0,10198.0
18000.0,10389.0
18002.0,9795.0
18004.0,8749.0
18006.0,7758.0
18008.0,6994.0
18010.0,7158.0
18012.0,7824.0
18014.0,8640.0
18016.0,9414.0
18018.0,10150.0
18020.0,10353.0
18022.0,9758.0
18024.0,8713.0
18026.0,7723.0
18028.0,6969.0
18030.0,7173.0
18032.0,7906.0
18034.0,8748.0
18036.0,9534.0
18038.0,10273.0
18040.0,10487.0
18042.0,9911.0
18044.0,8891.0
18046.0,7929.0
18048.0,7177.0
18050.0,7316.0
18052.0,7941.0
18054.0,8684.0
18056.0,9401.0
18058.0,10089.0
18060.0,10285.0
18062.0,9718.0
18064.0,8718.0
18066.0,7763.0
18068.0,7040.0
18070.0,7159.0
18072.0,7768.0
18074.0,8524.0
18076.0,9271.0
18078.0,9994.0
18080.0,10216.0
18082.0,9658.0
18084.0,8668.0
18086.0,7703.0
18088.0,6924.0
18090.0,7025.0
18092.0,7669.0
18094.0,8452.0
18096.0,9213.0
18098.0,9934.0
18100.0,10168.0
18102.0,9624.0
18104.0,8632.0
18106.0,7666.0
18108.0,6899.0
18110.0,7009.0
18112.0,7662.0
18114.0,8449.0
18116.0,9206.0
18118.0,9931.0
18120.0,10149.0
18122.0,9599.0
18124.0,8635.0
18126.0,7719.0
18128.0,7004.0
18130.0,7150.0
18132.0,7805.0
18134.0,8576.0
18136.0,9293.0
18138.0,9954.0
18140.0,10141.0
18142.0,9597.0
18144.0,8647.0
18146.0,7737.0
18148.0,7035.0
18150.0,7161.0
18152.0,7764.0
18154.0,8494.0
18156.0,9193.0
18158.0,9863.0
18160.0,10055.0
18162.0,9499.0
18164.0,8539.0
18166.0,7624.0
18168.0,6909.0
18170.0,7064.0
18172.0,7676.0
18174.0,8426.0
18176.0,9141.0
18178.0,9810.0
18180.0,10003.0
18182.0,9460.0
18184.0,8519.0
18186.0,7632.0
18188.0,6927.0
18190.0,7076.0
18192.0,7704.0
18194.0,8442.0
18196.0,9133.0
18198.0,9786.0
18200.0,9975.0
18202.0,9431.0
18204.0,8508.0
18206.0,7635.0
18208.0,6942.0
18210.0,7044.0
18212.0,7674.0
18214.0,8413.0
18216.0,9101.0
18218.0,9745.0
18220.0,9920.0
18222.0,9371.0
18224.0,8473.0
18226.0,7606.0
18228.0,6897.0
18230.0,6977.0
18232.0,7625.0
18234.0,8369.0
18236.0,9054.0
18238.0,9689.0
18240.0,9869.0
18242.0,9331.0
18244.0,8423.0
18246.0,7548.0
18248.0,6854.0
18250.0,6949.0
18252.0,7588.0
18254.0,8317.0
18256.0,9010.0
18258.0,9648.0
18260.0,9824.0
18262.0,9289.0
18264.0,8387.0
18266.0,7524.0
18268.0,6832.0
18270.0,6924.0
18272.0,7571.0
18274.0,8313.0
18276.0,8983.0
18278.0,9606.0
18280.0,9786.0
18282.0,9261.0
18284.0,8356.0
18286.0,7488.0
18288.0,6804.0
18290.0,6911.0
18292.0,7538.0
18294.0,8256.0
18296.0,8933.0
18298.0,9571.0
18300.0,9741.0
18302.0,9208.0
18304.0,8299.0
18306.0,7448.0
18308.0,6771.0
18310.0,6873.0
18312.0,7496.0
18314.0,8225.0
18316.0,8896.0
18318.0,9514.0
18320.0,9682.0
18322.0,9155.0
18324.0,8261.0
18326.0,7417.0
18328.0,6735.0
18330.0,6853.0
18332.0,7472.0
18334.0,8184.0
18336.0,8848.0
18338.0,9452.0
18340.0,9615.0
18342.0,9094.0
18344.0,8205.0
18346.0,7373.0
18348.0,6708.0
18350.0,6814.0
18352.0,7436.0
18354.0,8134.0
18356.0,8795.0
18358.0,9409.0
18360.0,9575.0
18362.0,9057.0
18364.0,8172.0
18366.0,7343.0
18368.0,6689.0
18370.0,6798.0
18372.0,7398.0
18374.0,8086.0
18376.0,8750.0
18378.0,9351.0
18380.0,9512.0
18382.0,9007.0
18384.0,8134.0
18386.0,7314.0
18388.0,6669.0
18390.0,6798.0
18392.0,7392.0
18394.0,8073.0
18396.0,8707.0
18398.0,9289.0
18400.0,9449.0
18402.0,8952.0
18404.0,8093.0
18406.0,7294.0
18408.0,6684.0
18410.0,6812.0
18412.0,7391.0
18414.0,8049.0
18416.0,8659.0
18418.0,9215.0
18420.0,9356.0
18422.0,8881.0
18424.0,8069.0
18426.0,7316.0
18428.0,6738.0
18430.0,6854.0
18432.0,7401.0
18434.0,8020.0
18436.0,8588.0
18438.0,9106.0
18440.0,9238.0
18442.0,8783.0
18444.0,8013.0
18446.0,7310.0
18448.0,6762.0
18450.0,6871.0
18452.0,7394.0
18454.0,7981.0
18456.0,8536.0
18458.0,9038.0
18460.0,9161.0
18462.0,8727.0
18464.0,8004.0
18466.0,7331.0
18468.0,6800.0
18470.0,6888.0
18472.0,7388.0
18474.0,7960.0
18476.0,8488.0
18478.0,8979.0
18480.0,9120.0
18482.0,8700.0
18484.0,7996.0
18486.0,7340.0
18488.0,6821.0
18490.0,6906.0
18492.0,7393.0
18494.0,7943.0
18496.0,8458.0
18498.0,8936.0
18500.0,9061.0
18502.0,8662.0
18504.0,7963.0
18506.0,7314.0
18508.0,6828.0
18510.0,6944.0
18512.0,7398.0
18514.0,7931.0
18516.0,8441.0
18518.0,8910.0
18520.0,9064.0
18522.0,8696.0
18524.0,8002.0
18526.0,7352.0
18528.0,6874.0
18530.0,6988.0
18532.0,7416.0
18534.0,7945.0
18536.0,8451.0
18538.0,8911.0
18540.0,9039.0
18542.0,8653.0
18544.0,7973.0
18546.0,7336.0
18548.0,6853.0
18550.0,6954.0
18552.0,7388.0
18554.0,7909.0
18556.0,8414.0
18558.0,8891.0
18560.0,9023.0
18562.0,8636.0
18564.0,7966.0
18566.0,7327.0
18568.0,6812.0
18570.0,6881.0
18572.0,7328.0
18574.0,7864.0
18576.0,8379.0
18578.0,8858.0
18580.0,9006.0
18582.0,8639.0
18584.0,7961.0
18586.0,7301.0
18588.0,6774.0
18590.0,6776.0
18592.0,7227.0
18594.0,7809.0
18596.0,8343.0
18598.0,8840.0
18600.0,8998.0
18602.0,8608.0
18604.0,7902.0
18606.0,7226.0
18608.0,6671.0
18610.0,6714.0
18612.0,7194.0
18614.0,7764.0
18616.0,8306.0
18618.0,8826.0
18620.0,8988.0
18622.0,8598.0
18624.0,7878.0
18626.0,7178.0
18628.0,6621.0
18630.0,6677.0
18632.0,7145.0
18634.0,7719.0
18636.0,8275.0
18638.0,8797.0
18640.0,8975.0
18642.0,8584.0
18644.0,7851.0
18646.0,7143.0
18648.0,6562.0
18650.0,6606.0
18652.0,7084.0
18654.0,7671.0
18656.0,8238.0
18658.0,8776.0
18660.0,8969.0
18662.0,8576.0
18664.0,7843.0
18666.0,7115.0
18668.0,6498.0
18670.0,6502.0
18672.0,6997.0
18674.0,7600.0
18676.0,8188.0
18678.0,8751.0
18680.0,8965.0
18682.0,8563.0
18684.0,7821.0
18686.0,7082.0
18688.0,6436.0
18690.0,6438.0
18692.0,6927.0
18694.0,7539.0
18696.0,8149.0
18698.0,8739.0
18700.0,8957.0
18702.0,8563.0
18704.0,7792.0
18706.0,7010.0
18708.0,6345.0
18710.0,6325.0
18712.0,6836.0
18714.0,7474.0
18716.0,8110.0
18718.0,8718.0
18720.0,8952.0
18722.0,8548.0
18724.0,7758.0
18726.0,6949.0
18728.0,6261.0
18730.0,6232.0
18732.0,6754.0
18734.0,7411.0
18736.0,8065.0
18738.0,8689.0
18740.0,8951.0
18742.0,8559.0
18744.0,7746.0
18746.0,6914.0
18748.0,6198.0
18750.0,6164.0
18752.0,6686.0
18754.0,7348.0
18756.0,8019.0
18758.0,8680.0
18760.0,8959.0
18762.0,8568.0
18764.0,7737.0
18766.0,6867.0
18768.0,6104.0
18770.0,6047.0
18772.0,6574.0
18774.0,7261.0
18776.0,7957.0
18778.0,8650.0
18780.0,8967.0
18782.0,8575.0
18784.0,7703.0
18786.0,6784.0
18788.0,6002.0
18790.0,5943.0
18792.0,6469.0
18794.0,7168.0
18796.0,7902.0
18798.0,8635.0
18800.0,8970.0
18802.0,8572.0
18804.0,7671.0
18806.0,6713.0
18808.0,5881.0
18810.0,5799.0
18812.0,6336.0
18814.0,7081.0
18816.0,7848.0
18818.0,8619.0
18820.0,8977.0
18822.0,8576.0
18824.0,7644.0
18826.0,6641.0
18828.0,5748.0
18830.0,5663.0
18832.0,6206.0
18834.0,6963.0
18836.0,7766.0
18838.0,8571.0
18840.0,8973.0
18842.0,8578.0
18844.0,7608.0
18846.0,6566.0
18848.0,5631.0
18850.0,5513.0
18852.0,6058.0
18854.0,6836.0
18856.0,7683.0
18858.0,8547.0
18860.0,8991.0
18862.0,8604.0
18864.0,7606.0
18866.0,6511.0
18868.0,5498.0
18870.0,5299.0
18872.0,5868.0
18874.0,6698.0
18876.0,7593.0
18878.0,8510.0
18880.0,9018.0
18882.0,8634.0
18884.0,7590.0
18886.0,6417.0
18888.0,5323.0
18890.0,5130.0
18892.0,5721.0
18894.0,6569.0
18896.0,7519.0
18898.0,8510.0
18900.0,9059.0
18902.0,8671.0
18904.0,7564.0
18906.0,6312.0
18908.0,5164.0
18910.0,4931.0
18912.0,5519.0
18914.0,6430.0
18916.0,7443.0
18918.0,8509.0
18920.0,9119.0
18922.0,8739.0
18924.0,7570.0
18926.0,6209.0
18928.0,4921.0
18930.0,4582.0
18932.0,5151.0
18934.0,6121.0
18936.0,7261.0
18938.0,8522.0
18940.0,9321.0
18942.0,8986.0
18944.0,7656.0
18946.0,6009.0
18948.0,4350.0
18950.0,3751.0
18952.0,4322.0
18954.0,5454.0
18956.0,6876.0
18958.0,8498.0
18960.0,9643.0
18962.0,9446.0
18964.0,7966.0
18966.0,5972.0
18968.0,3895.0
18970.0,3006.0
18972.0,3594.0
18974.0,4945.0
18976.0,6699.0
18978.0,8707.0
18980.0,10198.0
18982.0,10125.0
18984.0,8483.0
18986.0,6154.0
18988.0,3739.0
18990.0,2643.0
18992.0,3199.0
18994.0,4729.0
18996.0,6735.0
18998.0,9001.0
19000.0,10714.0
19002.0,10723.0
19004.0,8972.0
19006.0,6406.0
19008.0,3733.0
19010.0,2459.0
19012.0,2994.0
19014.0,4602.0
19016.0,6774.0
19018.0,9241.0
19020.0,11137.0
19022.0,11215.0
19024.0,9388.0
19026.0,6641.0
19028.0,3777.0
19030.0,2361.0
19032.0,2874.0
19034.0,4549.0
19036.0,6834.0
19038.0,9413.0
19040.0,11396.0
19042.0,11494.0
19044.0,9611.0
19046.0,6791.0
19048.0,3834.0
19050.0,2352.0
19052.0,2866.0
19054.0,4552.0
19056.0,6844.0
19058.0,9415.0
19060.0,11375.0
19062.0,11456.0
19064.0,9618.0
19066.0,6865.0
19068.0,3982.0
19070.0,2418.0
19072.0,2828.0
19074.0,4546.0
19076.0,6823.0
19078.0,9324.0
19080.0,11233.0
19082.0,11300.0
19084.0,9484.0
19086.0,6803.0
19088.0,3945.0
19090.0,2490.0
19092.0,3023.0
19094.0,4621.0
19096.0,6827.0
19098.0,9289.0
19100.0,11125.0
19102.0,11183.0
19104.0,9394.0
19106.0,6756.0
19108.0,4005.0
19110.0,2654.0
19112.0,3188.0
19114.0,4783.0
19116.0,6929.0
19118.0,9311.0
19120.0,11096.0
19122.0,11116.0
19124.0,9319.0
19126.0,6701.0
19128.0,4026.0
19130.0,2787.0
19132.0,3386.0
19134.0,5009.0
19136.0,7153.0
19138.0,9483.0
19140.0,11211.0
19142.0,11169.0
19144.0,9321.0
19146.0,6684.0
19148.0,4019.0
19150.0,2823.0
19152.0,3458.0
19154.0,5101.0
19156.0,7243.0
19158.0,9552.0
19160.0,11251.0
19162.0,11171.0
19164.0,9296.0
19166.0,6643.0
19168.0,3953.0
19170.0,2689.0
19172.0,3338.0
19174.0,5011.0
19176.0,7172.0
19178.0,9494.0
19180.0,11187.0
19182.0,11098.0
19184.0,9216.0
19186.0,6566.0
19188.0,3831.0
19190.0,2458.0
19192.0,3093.0
19194.0,4810.0
19196.0,7004.0
19198.0,9353.0
19200.0,11131.0
19202.0,11051.0
19204.0,9167.0
19206.0,6516.0
19208.0,3764.0
19210.0,2285.0
19212.0,2747.0
19214.0,4538.0
19216.0,6850.0
19218.0,9316.0
19220.0,11138.0
19222.0,11078.0
19224.0,9099.0
19226.0,6273.0
19228.0,3398.0
19230.0,2061.0
19232.0,2766.0
19234.0,4588.0
19236.0,6944.0
19238.0,9499.0
19240.0,11401.0
19242.0,11358.0
19244.0,9305.0
19246.0,6349.0
19248.0,3416.0
19250.0,2149.0
19252.0,2907.0
19254.0,4782.0
19256.0,7219.0
19258.0,9843.0
19260.0,11788.0
19262.0,11711.0
19264.0,9542.0
19266.0,6424.0
19268.0,3344.0
19270.0,1986.0
19272.0,2740.0
19274.0,4683.0
19276.0,7233.0
19278.0,9998.0
19280.0,12079.0
19282.0,12047.0
19284.0,9804.0
19286.0,6553.0
19288.0,3259.0
19290.0,1677.0
19292.0,2328.0
19294.0,4329.0
19296.0,7120.0
19298.0,10286.0
19300.0,12743.0
19302.0,12883.0
19304.0,10516.0
19306.0,6900.0
19308.0,3129.0
19310.0,1103.0
19312.0,1721.0
19314.0,3919.0
19316.0,6858.0
19318.0,10094.0
19320.0,12605.0
19322.0,12714.0
19324.0,10364.0
19326.0,6878.0
19328.0,3187.0
19330.0,1088.0
19332.0,1511.0
19334.0,3721.0
19336.0,6686.0
19338.0,9886.0
19340.0,12344.0
19342.0,12461.0
19344.0,10228.0
19346.0,6906.0
19348.0,3365.0
19350.0,1281.0
19352.0,1691.0
19354.0,3855.0
19356.0,6736.0
19358.0,9861.0
19360.0,12273.0
19362.0,12386.0
19364.0,10047.0
19366.0,6558.0
19368.0,2946.0
19370.0,1132.0
19372.0,1858.0
19374.0,3994.0
19376.0,6838.0
19378.0,9941.0
19380.0,12326.0
19382.0,12389.0
19384.0,9993.0
19386.0,6467.0
19388.0,3007.0
19390.0,1466.0
19392.0,2291.0
19394.0,4416.0
19396.0,7151.0
19398.0,9969.0
19400.0,11876.0
19402.0,11446.0
19404.0,8836.0
19406.0,5596.0
19408.0,2689.0
19410.0,1749.0
19412.0,3027.0
19414.0,5386.0
19416.0,8078.0
19418.0,10638.0
19420.0,12151.0
19422.0,11435.0
19424.0,8788.0
19426.0,5633.0
19428.0,2931.0
19430.0,2188.0
19432.0,3653.0
19434.0,6076.0
19436.0,8697.0
19438.0,11063.0
19440.0,12386.0
19442.0,11563.0
19444.0,8896.0
19446.0,5782.0
19448.0,3158.0
19450.0,2531.0
19452.0,4151.0
19454.0,6634.0
19456.0,9209.0
19458.0,11449.0
19460.0,12549.0
19462.0,11475.0
19464.0,8644.0
19466.0,5550.0
19468.0,3161.0
19470.0,2878.0
19472.0,4703.0
19474.0,7272.0
19476.0,9809.0
19478.0,11891.0
19480.0,12756.0
19482.0,11474.0
19484.0,8540.0
19486.0,5457.0
19488.0,3173.0
19490.0,3070.0
19492.0,5034.0
19494.0,7649.0
19496.0,10141.0
19498.0,12118.0
19500.0,12844.0
19502.0,11449.0
19504.0,8498.0
19506.0,5483.0
19508.0,3436.0
19510.0,3529.0
19512.0,5539.0
19514.0,8151.0
19516.0,10589.0
19518.0,12453.0
19520.0,13054.0
19522.0,11603.0
19524.0,8670.0
19526.0,5718.0
19528.0,3666.0
19530.0,3726.0
19532.0,5723.0
19534.0,8287.0
19536.0,10688.0
19538.0,12534.0
19540.0,13148.0
19542.0,11706.0
19544.0,8755.0
19546.0,5784.0
19548.0,3664.0
19550.0,3629.0
19552.0,5593.0
19554.0,8165.0
19556.0,10609.0
19558.0,12511.0
19560.0,13209.0
19562.0,11858.0
19564.0,8962.0
19566.0,5959.0
19568.0,3711.0
19570.0,3509.0
19572.0,5346.0
19574.0,7888.0
19576.0,10385.0
19578.0,12423.0
19580.0,13316.0
19582.0,12176.0
19584.0,9436.0
19586.0,6443.0
19588.0,4052.0
19590.0,3564.0
19592.0,5161.0
19594.0,7539.0
19596.0,9988.0
19598.0,12106.0
19600.0,13174.0
19602.0,12236.0
19604.0,9628.0
19606.0,6706.0
19608.0,4304.0
19610.0,3769.0
19612.0,5296.0
19614.0,7567.0
19616.0,9948.0
19618.0,12016.0
19620.0,13096.0
19622.0,12273.0
19624.0,9871.0
19626.0,7116.0
19628.0,4760.0
19630.0,4031.0
19632.0,5263.0
19634.0,7316.0
19636.0,9597.0
19638.0,11729.0
19640.0,13059.0
19642.0,12558.0
19644.0,10358.0
19646.0,7587.0
19648.0,4959.0
19650.0,3797.0
19652.0,4728.0
19654.0,6700.0
19656.0,9033.0
19658.0,11353.0
19660.0,12984.0
19662.0,12794.0
19664.0,10783.0
19666.0,7986.0
19668.0,5200.0
19670.0,3804.0
19672.0,4503.0
19674.0,6319.0
19676.0,8649.0
19678.0,11108.0
19680.0,12996.0
19682.0,13040.0
19684.0,11108.0
19686.0,8262.0
19688.0,5286.0
19690.0,3654.0
19692.0,4194.0
19694.0,5971.0
19696.0,8409.0
19698.0,11103.0
19700.0,13286.0
19702.0,13559.0
19704.0,11720.0
19706.0,8797.0
19708.0,5619.0
19710.0,3756.0
19712.0,4181.0
19714.0,5995.0
19716.0,8547.0
19718.0,11378.0
19720.0,13728.0
19722.0,14128.0
19724.0,12272.0
19726.0,9200.0
19728.0,5814.0
19730.0,3742.0
19732.0,4063.0
19734.0,5820.0
19736.0,8402.0
19738.0,11350.0
19740.0,13831.0
19742.0,14303.0
19744.0,12413.0
19746.0,9221.0
19748.0,5663.0
19750.0,3440.0
19752.0,3676.0
19754.0,5443.0
19756.0,8073.0
19758.0,11076.0
19760.0,13613.0
19762.0,14104.0
19764.0,12174.0
19766.0,8909.0
19768.0,5282.0
19770.0,2997.0
19772.0,3184.0
19774.0,4938.0
19776.0,7563.0
19778.0,10579.0
19780.0,13152.0
19782.0,13666.0
19784.0,11744.0
19786.0,8473.0
19788.0,4875.0
19790.0,2668.0
19792.0,2938.0
19794.0,4744.0
19796.0,7403.0
19798.0,10424.0
19800.0,12960.0
19802.0,13416.0
19804.0,11443.0
19806.0,8156.0
19808.0,4592.0
19810.0,2469.0
19812.0,2766.0
19814.0,4516.0
19816.0,7119.0
19818.0,10120.0
19820.0,12596.0
19822.0,12998.0
19824.0,10998.0
19826.0,7704.0
19828.0,4241.0
19830.0,2361.0
19832.0,2869.0
19834.0,4698.0
19836.0,7186.0
19838.0,9844.0
19840.0,11807.0
19842.0,11701.0
19844.0,9543.0
19846.0,6611.0
19848.0,3993.0
19850.0,3163.0
19852.0,4513.0
19854.0,6814.0
19856.0,9319.0
19858.0,11513.0
19860.0,12772.0
19862.0,12095.0
19864.0,9733.0
19866.0,7017.0
19868.0,4891.0
19870.0,4504.0
19872.0,5956.0
19874.0,8093.0
19876.0,10309.0
19878.0,12335.0
19880.0,13573.0
19882.0,13077.0
19884.0,10953.0
19886.0,8309.0
19888.0,6048.0
19890.0,5346.0
19892.0,6453.0
19894.0,8317.0
19896.0,10494.0
19898.0,12555.0
19900.0,13839.0
19902.0,13341.0
19904.0,11213.0
19906.0,8589.0
19908.0,6272.0
19910.0,5420.0
19912.0,5871.0
19914.0,4429.0
19916.0,3236.0
19918.0,5793.0
19920.0,11609.0
19922.0,16786.0
19924.0,17599.0
19926.0,13149.0
19928.0,4496.0
19930.0,-5119.0
19932.0,-11218.0
19934.0,-12818.0
19936.0,-9826.0
19938.0,-2940.0
19940.0,6339.0
19942.0,13764.0
19944.0,15566.0
19946.0,11075.0
19948.0,1832.0
19950.0,-8334.0
19952.0,-14502.0
19954.0,-15770.0
19956.0,-12218.0
19958.0,-4653.0
19960.0,5299.0
19962.0,13111.0
19964.0,14859.0
19966.0,10175.0
19968.0,910.0
19970.0,-9101.0
19972.0,-15122.0
19974.0,-16317.0
19976.0,-12766.0
19978.0,-5389.0
19980.0,4151.0
19982.0,11474.0
19984.0,13108.0
19986.0,8844.0
19988.0,197.0
19990.0,-9357.0
19992.0,-15218.0
19994.0,-16390.0
19996.0,-12868.0
19998.0,-5462.0
20000.0,4239.0
20002.0,11763.0
20004.0,13313.0
20006.0,8603.0
20008.0,-412.0
20010.0,-9831.0
20012.0,-15251.0
20014.0,-16041.0
20016.0,-12308.0
20018.0,-4972.0
20020.0,4279.0
20022.0,11290.0
20024.0,12786.0
20026.0,8434.0
20028.0,118.0
20030.0,-8483.0
20032.0,-13240.0
20034.0,-13816.0
20036.0,-10402.0
20038.0,-3746.0
20040.0,4722.0
20042.0,11006.0
20044.0,12083.0
20046.0,7898.0
20048.0,71.0
20050.0,-8077.0
20052.0,-12513.0
20054.0,-12789.0
20056.0,-9108.0
20058.0,-2302.0
20060.0,6171.0
20062.0,12341.0
20064.0,13217.0
20066.0,8930.0
20068.0,1189.0
20070.0,-6838.0
20072.0,-11297.0
20074.0,-11411.0
20076.0,-7758.0
20078.0,-1216.0
20080.0,6833.0
20082.0,12688.0
20084.0,13462.0
20086.0,9244.0
20088.0,1668.0
20090.0,-6079.0
20092.0,-10098.0
20094.0,-10239.0
20096.0,-6745.0
20098.0,-392.0
20100.0,7406.0
20102.0,13028.0
20104.0,13702.0
20106.0,9519.0
20108.0,2128.0
20110.0,-5248.0
20112.0,-9044.0
20114.0,-9076.0
20116.0,-5638.0
20118.0,463.0
20120.0,7908.0
20122.0,13191.0
20124.0,13679.0
20126.0,9658.0
20128.0,2668.0
20130.0,-4360.0
20132.0,-7919.0
20134.0,-7837.0
20136.0,-4438.0
20138.0,1500.0
20140.0,8718.0
20142.0,13793.0
20144.0,14259.0
20146.0,10358.0
20148.0,3589.0
20150.0,-3305.0
20152.0,-6941.0
20154.0,-6803.0
20156.0,-3420.0
20158.0,2501.0
20160.0,9756.0
20162.0,14930.0
20164.0,15363.0
20166.0,11143.0
20168.0,3763.0
20170.0,-3736.0
20172.0,-7475.0
20174.0,-7236.0
20176.0,-3410.0
20178.0,3163.0
20180.0,11076.0
20182.0,16658.0
20184.0,17016.0
20186.0,12296.0
20188.0,4206.0
20190.0,-3969.0
20192.0,-7981.0
20194.0,-7661.0
20196.0,-3550.0
20198.0,3373.0
20200.0,11668.0
20202.0,17451.0
20204.0,17705.0
20206.0,12719.0
20208.0,4386.0
20210.0,-3932.0
20212.0,-7937.0
20214.0,-7557.0
20216.0,-3424.0
20218.0,3407.0
20220.0,11509.0
20222.0,17101.0
20224.0,17281.0
20226.0,12283.0
20228.0,4018.0
20230.0,-4111.0
20232.0,-8036.0
20234.0,-7646.0
20236.0,-3547.0
20238.0,3224.0
20240.0,11273.0
20242.0,16808.0
20244.0,16939.0
20246.0,11965.0
20248.0,3753.0
20250.0,-4427.0
20252.0,-8339.0
20254.0,-7954.0
20256.0,-3847.0
20258.0,3004.0
20260.0,11248.0
20262.0,16920.0
20264.0,17003.0
20266.0,11796.0
20268.0,3261.0
20270.0,-5156.0
20272.0,-9213.0
20274.0,-8837.0
20276.0,-4567.0
20278.0,2553.0
20280.0,11040.0
20282.0,16876.0
20284.0,17029.0
20286.0,11659.0
20288.0,2900.0
20290.0,-5624.0
20292.0,-9768.0
20294.0,-9453.0
20296.0,-5194.0
20298.0,1904.0
20300.0,10324.0
20302.0,16092.0
20304.0,16174.0
20306.0,10838.0
20308.0,2234.0
20310.0,-6133.0
20312.0,-10169.0
20314.0,-9794.0
20316.0,-5509.0
20318.0,1603.0
20320.0,10032.0
20322.0,15737.0
20324.0,15721.0
20326.0,10278.0
20328.0,1559.0
20330.0,-6909.0
20332.0,-10831.0
20334.0,-10328.0
20336.0,-5997.0
20338.0,1123.0
20340.0,9578.0
20342.0,15346.0
20344.0,15364.0
20346.0,9866.0
20348.0,963.0
20350.0,-7792.0
20352.0,-12019.0
20354.0,-11592.0
20356.0,-7029.0
20358.0,539.0
20360.0,9554.0
20362.0,15776.0
20364.0,15894.0
20366.0,10165.0
20368.0,882.0
20370.0,-8221.0
20372.0,-12619.0
20374.0,-12169.0
20376.0,-7439.0
20378.0,375.0
20380.0,9736.0
20382.0,16251.0
20384.0,16474.0
20386.0,10569.0
20388.0,886.0
20390.0,-8652.0
20392.0,-13332.0
20394.0,-12981.0
20396.0,-8184.0
20398.0,-176.0
20400.0,9458.0
20402.0,16225.0
20404.0,16559.0
20406.0,10610.0
20408.0,763.0
20410.0,-9043.0
20412.0,-13909.0
20414.0,-13597.0
20416.0,-8732.0
20418.0,-586.0
20420.0,9201.0
20422.0,16076.0
20424.0,16405.0
20426.0,10389.0
20428.0,379.0
20430.0,-9697.0
20432.0,-14755.0
20434.0,-14457.0
20436.0,-9408.0
20438.0,-1090.0
20440.0,8945.0
20442.0,16078.0
20444.0,16596.0
20446.0,10776.0
20448.0,885.0
20450.0,-9506.0
20452.0,-15271.0
20454.0,-15179.0
20456.0,-10173.0
20458.0,-1685.0
20460.0,8683.0
20462.0,16223.0
20464.0,17126.0
20466.0,11597.0
20468.0,1624.0
20470.0,-9140.0
20472.0,-15452.0
20474.0,-15719.0
20476.0,-10725.0
20478.0,-2040.0
20480.0,8699.0
20482.0,16676.0
20484.0,17867.0
20486.0,12153.0
20488.0,1371.0
20490.0,-10460.0
20492.0,-16987.0
20494.0,-17326.0
20496.0,-12092.0
20498.0,-2794.0
20500.0,8808.0
20502.0,17736.0
20504.0,19434.0
20506.0,13363.0
20508.0,2006.0
20510.0,-10150.0
20512.0,-17040.0
20514.0,-17747.0
20516.0,-12636.0
20518.0,-3041.0
20520.0,9239.0
20522.0,18869.0
20524.0,20898.0
20526.0,14696.0
20528.0,2873.0
20530.0,-9916.0
20532.0,-17294.0
20534.0,-18247.0
20536.0,-13217.0
20538.0,-3412.0
20540.0,9210.0
20542.0,19109.0
20544.0,21341.0
20546.0,15241.0
20548.0,3353.0
20550.0,-9721.0
20552.0,-17358.0
20554.0,-18424.0
20556.0,-13328.0
20558.0,-3516.0
20560.0,9188.0
20562.0,19318.0
20564.0,21766.0
20566.0,15751.0
20568.0,3788.0
20570.0,-9563.0
20572.0,-17472.0
20574.0,-18671.0
20576.0,-13562.0
20578.0,-3579.0
20580.0,9386.0
20582.0,19761.0
20584.0,22264.0
20586.0,16136.0
20588.0,3936.0
20590.0,-9657.0
20592.0,-17732.0
20594.0,-18996.0
20596.0,-13839.0
20598.0,-3739.0
20600.0,9398.0
20602.0,19931.0
20604.0,22511.0
20606.0,16344.0
20608.0,4116.0
20610.0,-9427.0
20612.0,-17434.0
20614.0,-18611.0
20616.0,-13462.0
20618.0,-3497.0
20620.0,9396.0
20622.0,19652.0
20624.0,22058.0
20626.0,15873.0
20628.0,3746.0
20630.0,-9646.0
20632.0,-17539.0
20634.0,-18657.0
20636.0,-13471.0
20638.0,-3576.0
20640.0,9262.0
20642.0,19650.0
20644.0,22161.0
20646.0,15977.0
20648.0,3756.0
20650.0,-9764.0
20652.0,-17756.0
20654.0,-18946.0
20656.0,-13772.0
20658.0,-3769.0
20660.0,9178.0
20662.0,19511.0
20664.0,21955.0
20666.0,15698.0
20668.0,3417.0
20670.0,-10164.0
20672.0,-18149.0
20674.0,-19254.0
20676.0,-13980.0
20678.0,-3906.0
20680.0,9063.0
20682.0,19310.0
20684.0,21613.0
20686.0,15308.0
20688.0,3053.0
20690.0,-10544.0
20692.0,-18476.0
20694.0,-19467.0
20696.0,-14125.0
20698.0,-4032.0
20700.0,8939.0
20702.0,19218.0
20704.0,21548.0
20706.0,15338.0
20708.0,3174.0
20710.0,-10645.0
20712.0,-18844.0
20714.0,-19843.0
20716.0,-14425.0
20718.0,-4262.0
20720.0,8752.0
20722.0,18985.0
20724.0,21221.0
20726.0,14989.0
20728.0,2769.0
20730.0,-11176.0
20732.0,-19324.0
20734.0,-20211.0
20736.0,-14723.0
20738.0,-4579.0
20740.0,8348.0
20742.0,18431.0
20744.0,20651.0
20746.0,14302.0
20748.0,2036.0
20750.0,-11519.0
20752.0,-19306.0
20754.0,-20142.0
20756.0,-14688.0
20758.0,-4611.0
20760.0,8226.0
20762.0,18286.0
20764.0,20396.0
20766.0,13951.0
20768.0,1723.0
20770.0,-11718.0
20772.0,-19387.0
20774.0,-20146.0
20776.0,-14681.0
20778.0,-4653.0
20780.0,8096.0
20782.0,18113.0
20784.0,20264.0
20786.0,13963.0
20788.0,1843.0
20790.0,-11650.0
20792.0,-19476.0
20794.0,-20190.0
20796.0,-14643.0
20798.0,-4570.0
20800.0,8181.0
20802.0,18136.0
20804.0,20168.0
20806.0,13823.0
20808.0,1743.0
20810.0,-11806.0
20812.0,-19560.0
20814.0,-20207.0
20816.0,-14629.0
20818.0,-4561.0
20820.0,8177.0
20822.0,18128.0
20824.0,20187.0
20826.0,13908.0
20828.0,1868.0
20830.0,-11812.0
20832.0,-19776.0
20834.0,-20468.0
20836.0,-14888.0
20838.0,-4767.0
20840.0,8050.0
20842.0,18047.0
20844.0,20011.0
20846.0,13607.0
20848.0,1595.0
20850.0,-12006.0
20852.0,-19792.0
20854.0,-20439.0
20856.0,-14836.0
20858.0,-4725.0
20860.0,8069.0
20862.0,18083.0
20864.0,20137.0
20866.0,13735.0
20868.0,1596.0
20870.0,-12009.0
20872.0,-19772.0
20874.0,-20434.0
20876.0,-14852.0
20878.0,-4764.0
20880.0,8057.0
20882.0,18128.0
20884.0,20225.0
20886.0,13759.0
20888.0,1533.0
20890.0,-12031.0
20892.0,-19771.0
20894.0,-20500.0
20896.0,-14956.0
20898.0,-4871.0
20900.0,7956.0
20902.0,18079.0
20904.0,20281.0
20906.0,13877.0
20908.0,1614.0
20910.0,-11994.0
20912.0,-19824.0
20914.0,-20622.0
20916.0,-15130.0
20918.0,-5022.0
20920.0,7889.0
20922.0,18134.0
20924.0,20414.0
20926.0,14022.0
20928.0,1756.0
20930.0,-11936.0
20932.0,-19853.0
20934.0,-20754.0
20936.0,-15307.0
20938.0,-5191.0
20940.0,7774.0
20942.0,18087.0
20944.0,20427.0
20946.0,14083.0
20948.0,1759.0
20950.0,-11861.0
20952.0,-19799.0
20954.0,-20768.0
20956.0,-15395.0
20958.0,-5347.0
20960.0,7587.0
20962.0,17900.0
20964.0,20274.0
20966.0,13935.0
20968.0,1706.0
20970.0,-11892.0
20972.0,-19797.0
20974.0,-20732.0
20976.0,-15364.0
20978.0,-5339.0
20980.0,7543.0
20982.0,17796.0
20984.0,20113.0
20986.0,13707.0
20988.0,1449.0
20990.0,-12049.0
20992.0,-19850.0
20994.0,-20773.0
20996.0,-15412.0
20998.0,-5439.0
21000.0,7358.0
21002.0,17568.0
21004.0,19883.0
21006.0,13493.0
21008.0,1231.0
21010.0,-12205.0
21012.0,-19947.0
21014.0,-20854.0
21016.0,-15512.0
21018.0,-5597.0
21020.0,7130.0
21022.0,17266.0
21024.0,19560.0
21026.0,13234.0
21028.0,1138.0
21030.0,-12267.0
21032.0,-20032.0
21034.0,-20921.0
21036.0,-15583.0
21038.0,-5730.0
21040.0,6891.0
21042.0,16911.0
21044.0,19176.0
21046.0,13015.0
21048.0,1119.0
21050.0,-12282.0
21052.0,-20044.0
21054.0,-20831.0
21056.0,-15578.0
21058.0,-5890.0
21060.0,6532.0
21062.0,16407.0
21064.0,18719.0
21066.0,13041.0
21068.0,1780.0
21070.0,-11093.0
21072.0,-19436.0
21074.0,-20822.0
21076.0,-15792.0
21078.0,-6349.0
21080.0,5777.0
21082.0,15385.0
21084.0,17609.0
21086.0,12131.0
21088.0,1267.0
21090.0,-11119.0
21092.0,-19007.0
21094.0,-20116.0
21096.0,-15046.0
21098.0,-5782.0
21100.0,5966.0
21102.0,15106.0
21104.0,16834.0
21106.0,10745.0
21108.0,-407.0
21110.0,-12566.0
21112.0,-19187.0
21114.0,-19408.0
21116.0,-14076.0
21118.0,-4878.0
21120.0,6548.0
21122.0,15208.0
21124.0,16540.0
21126.0,10296.0
21128.0,-754.0
21130.0,-12664.0
21132.0,-18979.0
21134.0,-18977.0
21136.0,-13604.0
21138.0,-4539.0
21140.0,6666.0
21142.0,15113.0
21144.0,16321.0
21146.0,10106.0
21148.0,-773.0
21150.0,-12401.0
21152.0,-18539.0
21154.0,-18561.0
21156.0,-13158.0
21158.0,-4138.0
21160.0,6916.0
21162.0,15199.0
21164.0,16318.0
21166.0,10111.0
21168.0,-714.0
21170.0,-12301.0
21172.0,-18420.0
21174.0,-18339.0
21176.0,-13014.0
21178.0,-4111.0
21180.0,6816.0
21182.0,14984.0
21184.0,16123.0
21186.0,10137.0
21188.0,-394.0
21190.0,-11817.0
21192.0,-18019.0
21194.0,-18062.0
21196.0,-12917.0
21198.0,-4180.0
21200.0,6613.0
21202.0,14724.0
21204.0,15888.0
21206.0,9991.0
21208.0,-410.0
21210.0,-11726.0
21212.0,-17903.0
21214.0,-17959.0
21216.0,-12891.0
21218.0,-4253.0
21220.0,6458.0
21222.0,14508.0
21224.0,15674.0
21226.0,9843.0
21228.0,-480.0
21230.0,-11727.0
21232.0,-17811.0
21234.0,-17914.0
21236.0,-12954.0
21238.0,-4439.0
21240.0,6216.0
21242.0,14329.0
21244.0,15619.0
21246.0,9904.0
21248.0,-336.0
21250.0,-11588.0
21252.0,-17739.0
21254.0,-17956.0
21256.0,-13122.0
21258.0,-4633.0
21260.0,6069.0
21262.0,14155.0
21264.0,15427.0
21266.0,9696.0
21268.0,-552.0
21270.0,-11816.0
21272.0,-17926.0
21274.0,-18093.0
21276.0,-13156.0
21278.0,-4653.0
21280.0,5948.0
21282.0,13994.0
21284.0,15244.0
21286.0,9462.0
21288.0,-862.0
21290.0,-12174.0
21292.0,-18325.0
21294.0,-18485.0
21296.0,-13509.0
21298.0,-5023.0
21300.0,5536.0
21302.0,13487.0
21304.0,14637.0
21306.0,8832.0
21308.0,-1390.0
21310.0,-12456.0
21312.0,-18404.0
21314.0,-18471.0
21316.0,-13533.0
21318.0,-5132.0
21320.0,5326.0
21322.0,13273.0
21324.0,14476.0
21326.0,8666.0
21328.0,-1582.0
21330.0,-12683.0
21332.0,-18631.0
21334.0,-18662.0
21336.0,-13681.0
21338.0,-5239.0
21340.0,5263.0
21342.0,13207.0
21344.0,14347.0
21346.0,8502.0
21348.0,-1774.0
21350.0,-12871.0
21352.0,-18747.0
21354.0,-18764.0
21356.0,-13762.0
21358.0,-5316.0
21360.0,5150.0
21362.0,13216.0
21364.0,14396.0
21366.0,8396.0
21368.0,-2026.0
21370.0,-13106.0
21372.0,-18954.0
21374.0,-19002.0
21376.0,-13998.0
21378.0,-5494.0
21380.0,5097.0
21382.0,13147.0
21384.0,14347.0
21386.0,8360.0
21388.0,-2097.0
21390.0,-13266.0
21392.0,-19202.0
21394.0,-19264.0
21396.0,-14237.0
21398.0,-5686.0
21400.0,4978.0
21402.0,13117.0
21404.0,14431.0
21406.0,8589.0
21408.0,-1789.0
21410.0,-12989.0
21412.0,-18990.0
21414.0,-19091.0
21416.0,-14100.0
21418.0,-5575.0
21420.0,5072.0
21422.0,13221.0
21424.0,14525.0
21426.0,8629.0
21428.0,-1791.0
21430.0,-13002.0
21432.0,-19022.0
21434.0,-19174.0
21436.0,-14230.0
21438.0,-5744.0
21440.0,4906.0
21442.0,13131.0
21444.0,14555.0
21446.0,8740.0
21448.0,-1632.0
21450.0,-12770.0
21452.0,-18762.0
21454.0,-18989.0
21456.0,-14127.0
21458.0,-5702.0
21460.0,4905.0
21462.0,13012.0
21464.0,14429.0
21466.0,8670.0
21468.0,-1702.0
21470.0,-12845.0
21472.0,-18869.0
21474.0,-19137.0
21476.0,-14336.0
21478.0,-5994.0
21480.0,4548.0
21482.0,12726.0
21484.0,14209.0
21486.0,8533.0
21488.0,-1679.0
21490.0,-12756.0
21492.0,-18806.0
21494.0,-19156.0
21496.0,-14471.0
21498.0,-6247.0
21500.0,4197.0
21502.0,12378.0
21504.0,13962.0
21506.0,8502.0
21508.0,-1474.0
21510.0,-12432.0
21512.0,-18476.0
21514.0,-18874.0
21516.0,-14306.0
21518.0,-6229.0
21520.0,4032.0
21522.0,12051.0
21524.0,13592.0
21526.0,8163.0
21528.0,-1723.0
21530.0,-12547.0
21532.0,-18521.0
21534.0,-18926.0
21536.0,-14431.0
21538.0,-6501.0
21540.0,3586.0
21542.0,11471.0
21544.0,12981.0
21546.0,7658.0
21548.0,-2004.0
21550.0,-12552.0
21552.0,-18351.0
21554.0,-18752.0
21556.0,-14356.0
21558.0,-6556.0
21560.0,3363.0
21562.0,11133.0
21564.0,12583.0
21566.0,7272.0
21568.0,-2187.0
21570.0,-12621.0
21572.0,-18407.0
21574.0,-18801.0
21576.0,-14441.0
21578.0,-6726.0
21580.0,3094.0
21582.0,10789.0
21584.0,12274.0
21586.0,7139.0
21588.0,-2251.0
21590.0,-12619.0
21592.0,-18366.0
21594.0,-18749.0
21596.0,-14472.0
21598.0,-6901.0
21600.0,2713.0
21602.0,10213.0
21604.0,11662.0
21606.0,6741.0
21608.0,-2292.0
21610.0,-12374.0
21612.0,-18009.0
21614.0,-18380.0
21616.0,-14233.0
21618.0,-6919.0
21620.0,2387.0
21622.0,9687.0
21624.0,11188.0
21626.0,6689.0
21628.0,-1906.0
21630.0,-11836.0
21632.0,-17717.0
21634.0,-18182.0
21636.0,-14161.0
21638.0,-7089.0
21640.0,1884.0
21642.0,8874.0
21644.0,10225.0
21646.0,5717.0
21648.0,-2578.0
21650.0,-11880.0
21652.0,-17084.0
21654.0,-17307.0
21656.0,-13305.0
21658.0,-6406.0
21660.0,2271.0
21662.0,8978.0
21664.0,10201.0
21666.0,5648.0
21668.0,-2678.0
21670.0,-11809.0
21672.0,-16769.0
21674.0,-16946.0
21676.0,-13014.0
21678.0,-7187.0
21680.0,-2841.0
21682.0,-4451.0
21684.0,-4802.0
21686.0,-3222.0
21688.0,-3041.0
21690.0,-4459.0
21692.0,-7106.0
21694.0,-9425.0
21696.0,-10693.0
21698.0,-10751.0
21700.0,-9656.0
21702.0,-7308.0
21704.0,-4553.0
21706.0,-2727.0
21708.0,-2501.0
21710.0,-3948.0
21712.0,-6679.0
21714.0,-9100.0
21716.0,-10545.0
21718.0,-10790.0
21720.0,-9883.0
21722.0,-7652.0
21724.0,-4899.0
21726.0,-2971.0
21728.0,-2588.0
21730.0,-3882.0
21732.0,-6557.0
21734.0,-9001.0
21736.0,-10513.0
21738.0,-10838.0
21740.0,-10020.0
21742.0,-7864.0
21744.0,-5114.0
21746.0,-3134.0
21748.0,-2675.0
21750.0,-3873.0
21752.0,-6498.0
21754.0,-8954.0
21756.0,-10482.0
21758.0,-10837.0
21760.0,-10062.0
21762.0,-7932.0
21764.0,-5184.0
21766.0,-3194.0
21768.0,-2719.0
21770.0,-3920.0
21772.0,-6559.0
21774.0,-9022.0
21776.0,-10507.0
21778.0,-10810.0
21780.0,-9969.0
21782.0,-7786.0
21784.0,-5032.0
21786.0,-3087.0
21788.0,-2692.0
21790.0,-3986.0
21792.0,-6647.0
21794.0,-9067.0
21796.0,-10497.0
21798.0,-10709.0
21800.0,-9758.0
21802.0,-7499.0
21804.0,-4746.0
21806.0,-2863.0
21808.0,-2568.0
21810.0,-3949.0
21812.0,-6634.0
21814.0,-9019.0
21816.0,-10401.0
21818.0,-10559.0
21820.0,-9581.0
21822.0,-7321.0
21824.0,-4602.0
21826.0,-2776.0
21828.0,-2533.0
21830.0,-4011.0
21832.0,-6850.0
21834.0,-9291.0
21836.0,-10572.0
21838.0,-10509.0
21840.0,-9245.0
21842.0,-6794.0
21844.0,-4119.0
21846.0,-2567.0
21848.0,-2711.0
21850.0,-4494.0
21852.0,-7342.0
21854.0,-9632.0
21856.0,-10727.0
21858.0,-10541.0
21860.0,-9219.0
21862.0,-6756.0
21864.0,-4106.0
21866.0,-2596.0
21868.0,-2772.0
21870.0,-4567.0
21872.0,-7431.0
21874.0,-9716.0
21876.0,-10843.0
21878.0,-10649.0
21880.0,-9306.0
21882.0,-6834.0
21884.0,-4187.0
21886.0,-2669.0
21888.0,-2835.0
21890.0,-4619.0
21892.0,-7486.0
21894.0,-9777.0
21896.0,-10882.0
21898.0,-10695.0
21900.0,-9359.0
21902.0,-6887.0
21904.0,-4252.0
21906.0,-2749.0
21908.0,-2931.0
21910.0,-4724.0
21912.0,-7547.0
21914.0,-9786.0
21916.0,-10867.0
21918.0,-10681.0
21920.0,-9376.0
21922.0,-6946.0
21924.0,-4321.0
21926.0,-2814.0
21928.0,-2970.0
21930.0,-4724.0
21932.0,-7529.0
21934.0,-9772.0
21936.0,-10877.0
21938.0,-10701.0
21940.0,-9366.0
21942.0,-6884.0
21944.0,-4212.0
21946.0,-2698.0
21948.0,-2893.0
21950.0,-4691.0
21952.0,-7530.0
21954.0,-9798.0
21956.0,-10865.0
21958.0,-10615.0
21960.0,-9177.0
21962.0,-6589.0
21964.0,-3888.0
21966.0,-2461.0
21968.0,-2850.0
21970.0,-4879.0
21972.0,-7837.0
21974.0,-10077.0
21976.0,-11016.0
21978.0,-10285.0
21980.0,11785.0
21982.0,72076.0
21984.0,108394.0
21986.0,120100.0
21988.0,121383.0
21990.0,118706.0
21992.0,122364.0
21994.0,127767.0
21996.0,124824.0
21998.0,120406.0
22000.0,116228.0
22002.0,110769.0
22004.0,102745.0
22006.0,93344.0
22008.0,83796.0
22010.0,75302.0
22012.0,69008.0
22014.0,64538.0
22016.0,62216.0
22018.0,61564.0
22020.0,60781.0
22022.0,59630.0
22024.0,57653.0
22026.0,54049.0
22028.0,49120.0
22030.0,41361.0
22032.0,26699.0
22034.0,10219.0
22036.0,-4293.0
22038.0,-16006.0
22040.0,-26968.0
22042.0,-38203.0
22044.0,-47310.0
22046.0,-56200.0
22048.0,-66752.0
22050.0,-76728.0
22052.0,-85036.0
22054.0,-92152.0
22056.0,-98257.0
22058.0,-101638.0
22060.0,-104813.0
22062.0,-107931.0
22064.0,-112189.0
22066.0,-117725.0
22068.0,-123691.0
22070.0,-128997.0
22072.0,-132471.0
22074.0,-135432.0
22076.0,-172136.0
22078.0,-442772.0
22080.0,-362615.0
22082.0,-224760.0
22084.0,-463763.0
22086.0,-586551.0
22088.0,-672208.0
22090.0,-735178.0
22092.0,-680701.0
22094.0,-663927.0
22096.0,-697787.0
22098.0,-710907.0
22100.0,-728234.0
22102.0,-744288.0
22104.0,-762307.0
22106.0,-777617.0
22108.0,-820580.0
22110.0,-866687.0
22112.0,-871771.0
22114.0,-872236.0
22116.0,-872982.0
22118.0,-872835.0
22120.0,-873055.0
22122.0,-873664.0
22124.0,-875691.0
22126.0,-879058.0
22128.0,-882576.0
22130.0,-884821.0
22132.0,-885381.0
22134.0,-885167.0
22136.0,-884777.0
22138.0,-884362.0
22140.0,-883881.0
22142.0,-884145.0
22144.0,-885410.0
22146.0,-887297.0
22148.0,-889350.0
22150.0,-890802.0
22152.0,-890808.0
22154.0,-890119.0
22156.0,-888484.0
22158.0,-886943.0
22160.0,-886269.0
22162.0,-886466.0
22164.0,-887792.0
22166.0,-889856.0
22168.0,-891840.0
22170.0,-893411.0
22172.0,-894055.0
22174.0,-894238.0
22176.0,-893931.0
22178.0,-893462.0
22180.0,-893026.0
22182.0,-893224.0
22184.0,-893056.0
22186.0,-892677.0
22188.0,-893716.0
22190.0,-894501.0
22192.0,-894813.0
22194.0,-894832.0
22196.0,-894372.0
22198.0,-893151.0
22200.0,-890437.0
22202.0,-795323.0
22204.0,-497190.0
22206.0,-590531.0
22208.0,-684451.0
22210.0,-742812.0
22212.0,-693574.0
22214.0,-556829.0
22216.0,-672878.0
22218.0,-732437.0
22220.0,-763019.0
22222.0,-816886.0
22224.0,-847624.0
22226.0,-859855.0
22228.0,-871064.0
22230.0,-879381.0
22232.0,-888176.0
22234.0,-892712.0
22236.0,-893310.0
22238.0,-891612.0
22240.0,-887584.0
22242.0,-878191.0
22244.0,-845723.0
22246.0,-796452.0
22248.0,-842222.0
22250.0,-864614.0
22252.0,-858107.0
22254.0,-847048.0
22256.0,-810322.0
22258.0,-793679.0
22260.0,-783427.0
22262.0,-789532.0
22264.0,-777752.0
22266.0,-798997.0
22268.0,-800836.0
22270.0,-828476.0
22272.0,-820257.0
22274.0,-809117.0
22276.0,-817260.0
22278.0,-815406.0
22280.0,-799086.0
22282.0,-779235.0
22284.0,-786265.0
22286.0,-805116.0
22288.0,-788216.0
22290.0,-808809.0
22292.0,-779733.0
22294.0,-772774.0
22296.0,-783629.0
22298.0,-791782.0
22300.0,-785141.0
22302.0,-769229.0
22304.0,-765586.0
22306.0,-812011.0
22308.0,-820362.0
22310.0,-804198.0
22312.0,-778126.0
22314.0,-831801.0
22316.0,-845457.0
22318.0,-846584.0
22320.0,-846072.0
22322.0,-844638.0
22324.0,-842565.0
22326.0,-842871.0
22328.0,-842987.0
22330.0,-841144.0
22332.0,-826872.0
22334.0,-782430.0
22336.0,-788122.0
22338.0,-771722.0
22340.0,-800070.0
22342.0,-828511.0
22344.0,-822687.0
22346.0,-796949.0
22348.0,-753144.0
22350.0,-739946.0
22352.0,-812231.0
22354.0,-815797.0
22356.0,-776545.0
22358.0,-713484.0
22360.0,-660442.0
22362.0,-708019.0
22364.0,-793180.0
22366.0,-824851.0
22368.0,-844939.0
22370.0,-854160.0
22372.0,-742504.0
22374.0,-423459.0
22376.0,-336432.0
22378.0,-315596.0
22380.0,-300897.0
22382.0,-308564.0
22384.0,-536386.0
22386.0,-665572.0
22388.0,-414204.0
22390.0,-311549.0
22392.0,-292274.0
22394.0,-279301.0
22396.0,-268903.0
22398.0,-260191.0
22400.0,-252769.0
22402.0,-246866.0
22404.0,-242496.0
22406.0,-239210.0
22408.0,-236464.0
22410.0,-290179.0
22412.0,-450086.0
22414.0,-294416.0
22416.0,-266254.0
22418.0,-242851.0
22420.0,-230209.0
22422.0,-223767.0
22424.0,-219584.0
22426.0,-216714.0
22428.0,-214543.0
22430.0,-212503.0
22432.0,-209871.0
22434.0,-207115.0
22436.0,-204251.0
22438.0,-203421.0
22440.0,-275173.0
22442.0,-544830.0
22444.0,-862041.0
22446.0,-946009.0
22448.0,-954581.0
22450.0,-959226.0
22452.0,-961542.0
22454.0,-962597.0
22456.0,-962941.0
22458.0,-963005.0
22460.0,-963019.0
22462.0,-963492.0
22464.0,-964695.0
22466.0,-966464.0
22468.0,-968184.0
22470.0,-969372.0
22472.0,-969375.0
22474.0,-967491.0
22476.0,-967364.0
22478.0,-967726.0
22480.0,-967314.0
22482.0,-967389.0
22484.0,-968296.0
22486.0,-969694.0
22488.0,-971060.0
22490.0,-972035.0
22492.0,-972022.0
22494.0,-971456.0
22496.0,-970648.0
22498.0,-969822.0
22500.0,-969072.0
22502.0,-968963.0
22504.0,-969734.0
22506.0,-971016.0
22508.0,-972289.0
22510.0,-973211.0
22512.0,-973132.0
22514.0,-972519.0
22516.0,-971648.0
22518.0,-970768.0
22520.0,-969984.0
22522.0,-969827.0
22524.0,-970551.0
22526.0,-971781.0
22528.0,-973012.0
22530.0,-973901.0
22532.0,-973804.0
22534.0,-973172.0
22536.0,-972291.0
22538.0,-971404.0
22540.0,-970594.0
22542.0,-970421.0
22544.0,-971114.0
22546.0,-972309.0
22548.0,-973501.0
22550.0,-974369.0
22552.0,-974282.0
22554.0,-973628.0
22556.0,-972731.0
22558.0,-971832.0
22560.0,-971004.0
22562.0,-970804.0
22564.0,-971472.0
22566.0,-972629.0
22568.0,-973793.0
22570.0,-974653.0
22572.0,-974582.0
22574.0,-973916.0
22576.0,-973016.0
22578.0,-972121.0
22580.0,-971300.0
22582.0,-971091.0
22584.0,-971739.0
22586.0,-972877.0
22588.0,-974025.0
22590.0,-974859.0
22592.0,-974764.0
22594.0,-974121.0
22596.0,-973221.0
22598.0,-972313.0
22600.0,-971496.0
22602.0,-971297.0
22604.0,-971948.0
22606.0,-973080.0
22608.0,-974226.0
22610.0,-975067.0
22612.0,-974967.0
22614.0,-974325.0
22616.0,-973438.0
22618.0,-972537.0
22620.0,-971716.0
22622.0,-971489.0
22624.0,-972107.0
22626.0,-973242.0
22628.0,-974379.0
22630.0,-975199.0
22632.0,-975086.0
22634.0,-974461.0
22636.0,-973586.0
22638.0,-972694.0
22640.0,-971876.0
22642.0,-971656.0
22644.0,-972282.0
22646.0,-973416.0
22648.0,-974556.0
22650.0,-975356.0
22652.0,-975232.0
22654.0,-974621.0
22656.0,-973744.0
22658.0,-972180.0
22660.0,-823787.0
22662.0,-444120.0
22664.0,-349439.0
22666.0,-329247.0
22668.0,-315739.0
22670.0,-304783.0
22672.0,-294727.0
22674.0,-285415.0
22676.0,-276811.0
22678.0,-268942.0
22680.0,-261727.0
22682.0,-255569.0
22684.0,-250752.0
22686.0,-246908.0
22688.0,-243487.0
22690.0,-240269.0
22692.0,-236744.0
22694.0,-232895.0
22696.0,-228599.0
22698.0,-224291.0
22700.0,-220125.0
22702.0,-216672.0
22704.0,-214238.0
22706.0,-212528.0
22708.0,-211014.0
22710.0,-209282.0
22712.0,-206751.0
22714.0,-203662.0
22716.0,-200187.0
22718.0,-196447.0
22720.0,-193408.0
22722.0,-191627.0
22724.0,-191530.0
22726.0,-192431.0
22728.0,-193681.0
22730.0,-194265.0
22732.0,-193491.0
22734.0,-191942.0
22736.0,-190176.0
22738.0,-188341.0
22740.0,-186873.0
22742.0,-186417.0
22744.0,-186357.0
22746.0,-183116.0
22748.0,-178901.0
22750.0,-178869.0
22752.0,-181453.0
22754.0,-183967.0
22756.0,-185589.0
22758.0,-186051.0
22760.0,-185464.0
22762.0,-183484.0
22764.0,-180635.0
22766.0,-178316.0
22768.0,-177540.0
22770.0,-178444.0
22772.0,-181012.0
22774.0,-183574.0
22776.0,-185311.0
22778.0,-185912.0
22780.0,-185529.0
22782.0,-183718.0
22784.0,-180851.0
22786.0,-178359.0
22788.0,-177364.0
22790.0,-178076.0
22792.0,-180559.0
22794.0,-183160.0
22796.0,-185017.0
22798.0,-185762.0
22800.0,-185439.0
22802.0,-183608.0
22804.0,-180704.0
22806.0,-178134.0
22808.0,-177014.0
22810.0,-177582.0
22812.0,-179935.0
22814.0,-181351.0
22816.0,-178297.0
22818.0,-171683.0
22820.0,-162750.0
22822.0,-154795.0
22824.0,-151986.0
22826.0,-155581.0
22828.0,-163589.0
22830.0,-173388.0
22832.0,-179813.0
22834.0,-181107.0
22836.0,-177867.0
22838.0,-171477.0
22840.0,-163098.0
22842.0,-155466.0
22844.0,-152452.0
22846.0,-155484.0
22848.0,-162830.0
22850.0,-172247.0
22852.0,-178722.0
22854.0,-180364.0
22856.0,-177567.0
22858.0,-171238.0
22860.0,-162322.0
22862.0,-154083.0
22864.0,-150798.0
22866.0,-154054.0
22868.0,-162176.0
22870.0,-172537.0
22872.0,-179527.0
22874.0,-181116.0
22876.0,-177862.0
22878.0,-170994.0
22880.0,-161642.0
22882.0,-153170.0
22884.0,-149836.0
22886.0,-153012.0
22888.0,-160850.0
22890.0,-170819.0
22892.0,-177694.0
22894.0,-179542.0
22896.0,-176837.0
22898.0,-170601.0
22900.0,-161659.0
22902.0,-153217.0
22904.0,-149699.0
22906.0,-152571.0
22908.0,-160410.0
22910.0,-170899.0
22912.0,-178375.0
22914.0,-180315.0
22916.0,-177242.0
22918.0,-170321.0
22920.0,-160607.0
22922.0,-151579.0
22924.0,-147859.0
22926.0,-150915.0
22928.0,-159019.0
22930.0,-169700.0
22932.0,-177819.0
22934.0,-180337.0
22936.0,-177186.0
22938.0,-170024.0
22940.0,-160094.0
22942.0,-150891.0
22944.0,-147132.0
22946.0,-150282.0
22948.0,-158560.0
22950.0,-169357.0
22952.0,-177487.0
22954.0,-179959.0
22956.0,-176727.0
22958.0,-169504.0
22960.0,-159521.0
22962.0,-150274.0
22964.0,-146519.0
22966.0,-149989.0
22968.0,-158773.0
22970.0,-169971.0
22972.0,-177721.0
22974.0,-179636.0
22976.0,-176250.0
22978.0,-168875.0
22980.0,-158653.0
22982.0,-149179.0
22984.0,-145311.0
22986.0,-148901.0
22988.0,-157957.0
22990.0,-169346.0
22992.0,-177096.0
22994.0,-178981.0
22996.0,-175555.0
22998.0,-168192.0
23000.0,-158080.0
23002.0,-148765.0
23004.0,-145080.0
23006.0,-148753.0
23008.0,-157647.0
23010.0,-168734.0
23012.0,-176362.0
23014.0,-178218.0
23016.0,-174892.0
23018.0,-167685.0
23020.0,-157741.0
23022.0,-148561.0
23024.0,-144852.0
23026.0,-148347.0
23028.0,-157074.0
23030.0,-168143.0
23032.0,-175763.0
23034.0,-177602.0
23036.0,-174260.0
23038.0,-167086.0
23040.0,-157248.0
23042.0,-148206.0
23044.0,-144657.0
23046.0,-148138.0
23048.0,-156659.0
23050.0,-167411.0
23052.0,-174732.0
23054.0,-176428.0
23056.0,-173122.0
23058.0,-166137.0
23060.0,-156582.0
23062.0,-147824.0
23064.0,-144388.0
23066.0,-147776.0
23068.0,-155984.0
23070.0,-166313.0
23072.0,-173311.0
23074.0,-174959.0
23076.0,-171884.0
23078.0,-165265.0
23080.0,-156134.0
23082.0,-147713.0
23084.0,-144373.0
23086.0,-147652.0
23088.0,-155699.0
23090.0,-165816.0
23092.0,-172671.0
23094.0,-174264.0
23096.0,-171155.0
23098.0,-164578.0
23100.0,-155561.0
23102.0,-147249.0
23104.0,-143946.0
23106.0,-147156.0
23108.0,-155097.0
23110.0,-165248.0
23112.0,-172118.0
23114.0,-173708.0
23116.0,-170620.0
23118.0,-163996.0
23120.0,-154881.0
23122.0,-146426.0
23124.0,-143002.0
23126.0,-146191.0
23128.0,-154191.0
23130.0,-164502.0
23132.0,-171702.0
23134.0,-173404.0
23136.0,-170286.0
23138.0,-163586.0
23140.0,-154366.0
23142.0,-145803.0
23144.0,-142282.0
23146.0,-145396.0
23148.0,-153388.0
23150.0,-163642.0
23152.0,-170822.0
23154.0,-172656.0
23156.0,-169660.0
23158.0,-163026.0
23160.0,-153867.0
23162.0,-145293.0
23164.0,-141711.0
23166.0,-144802.0
23168.0,-152822.0
23170.0,-163132.0
23172.0,-170409.0
23174.0,-172311.0
23176.0,-169350.0
23178.0,-162692.0
23180.0,-153422.0
23182.0,-144722.0
23184.0,-141095.0
23186.0,-144195.0
23188.0,-152236.0
23190.0,-162585.0
23192.0,-169878.0
23194.0,-171744.0
23196.0,-168779.0
23198.0,-162185.0
23200.0,-153045.0
23202.0,-144464.0
23204.0,-140822.0
23206.0,-143775.0
23208.0,-151577.0
23210.0,-161748.0
23212.0,-169038.0
23214.0,-170921.0
23216.0,-168029.0
23218.0,-161706.0
23220.0,-153002.0
23222.0,-144846.0
23224.0,-141341.0
23226.0,-144043.0
23228.0,-151284.0
23230.0,-160776.0
23232.0,-167557.0
23234.0,-169337.0
23236.0,-166694.0
23238.0,-160724.0
23240.0,-152402.0
23242.0,-144566.0
23244.0,-141201.0
23246.0,-143833.0
23248.0,-150947.0
23250.0,-160323.0
23252.0,-166951.0
23254.0,-168600.0
23256.0,-165846.0
23258.0,-159827.0
23260.0,-151529.0
23262.0,-143784.0
23264.0,-140561.0
23266.0,-143351.0
23268.0,-150489.0
23270.0,-159721.0
23272.0,-166148.0
23274.0,-167696.0
23276.0,-164946.0
23278.0,-158985.0
23280.0,-150764.0
23282.0,-143096.0
23284.0,-139949.0
23286.0,-142792.0
23288.0,-149988.0
23290.0,-159183.0
23292.0,-165559.0
23294.0,-167126.0
23296.0,-164366.0
23298.0,-158367.0
23300.0,-150109.0
23302.0,-142427.0
23304.0,-139313.0
23306.0,-142226.0
23308.0,-149519.0
23310.0,-158796.0
23312.0,-165164.0
23314.0,-166665.0
23316.0,-163837.0
23318.0,-157632.0
23320.0,-149189.0
23322.0,-141372.0
23324.0,-138260.0
23326.0,-141308.0
23328.0,-148772.0
23330.0,-158366.0
23332.0,-165106.0
23334.0,-166592.0
23336.0,-163524.0
23338.0,-157123.0
23340.0,-148431.0
23342.0,-140382.0
23344.0,-137162.0
23346.0,-140247.0
23348.0,-147866.0
23350.0,-157770.0
23352.0,-164694.0
23354.0,-166116.0
23356.0,-162988.0
23358.0,-156530.0
23360.0,-147751.0
23362.0,-139584.0
23364.0,-136255.0
23366.0,-139237.0
23368.0,-146739.0
23370.0,-156511.0
23372.0,-163716.0
23374.0,-165452.0
23376.0,-162394.0
23378.0,-155956.0
23380.0,-147197.0
23382.0,-139079.0
23384.0,-135781.0
23386.0,-138785.0
23388.0,-146372.0
23390.0,-156096.0
23392.0,-162893.0
23394.0,-164441.0
23396.0,-161470.0
23398.0,-155214.0
23400.0,-146699.0
23402.0,-138766.0
23404.0,-135524.0
23406.0,-138473.0
23408.0,-145881.0
23410.0,-155327.0
23412.0,-161901.0
23414.0,-163456.0
23416.0,-160617.0
23418.0,-154571.0
23420.0,-146186.0
23422.0,-138269.0
23424.0,-134974.0
23426.0,-137779.0
23428.0,-145027.0
23430.0,-154415.0
23432.0,-161079.0
23434.0,-162701.0
23436.0,-159921.0
23438.0,-153871.0
23440.0,-145551.0
23442.0,-137734.0
23444.0,-134442.0
23446.0,-137234.0
23448.0,-144502.0
23450.0,-153872.0
23452.0,-160428.0
23454.0,-162044.0
23456.0,-159287.0
23458.0,-153264.0
23460.0,-144964.0
23462.0,-137154.0
23464.0,-133860.0
23466.0,-136661.0
23468.0,-143948.0
23470.0,-153267.0
23472.0,-159755.0
23474.0,-161357.0
23476.0,-158607.0
23478.0,-152587.0
23480.0,-144309.0
23482.0,-136521.0
23484.0,-133221.0
23486.0,-135919.0
23488.0,-142912.0
23490.0,-152014.0
23492.0,-158902.0
23494.0,-160770.0
23496.0,-158026.0
23498.0,-152016.0
23500.0,-143747.0
23502.0,-135954.0
23504.0,-132647.0
23506.0,-135184.0
23508.0,-142039.0
23510.0,-151089.0
23512.0,-158052.0
23514.0,-160209.0
23516.0,-157517.0
23518.0,-151454.0
23520.0,-143144.0
23522.0,-135191.0
23524.0,-123772.0
23526.0,-115801.0
23528.0,-128712.0
23530.0,-146265.0
23532.0,-158095.0
23534.0,-159792.0
23536.0,-152455.0
23538.0,-139602.0
23540.0,-123229.0
23542.0,-109092.0
23544.0,-104985.0
23546.0,-112814.0
23548.0,-128226.0
23550.0,-146334.0
23552.0,-157316.0
23554.0,-158083.0
23556.0,-150831.0
23558.0,-138101.0
23560.0,-121807.0
23562.0,-107701.0
23564.0,-103601.0
23566.0,-111517.0
23568.0,-127137.0
23570.0,-145331.0
23572.0,-156315.0
23574.0,-157179.0
23576.0,-149942.0
23578.0,-137205.0
23580.0,-120891.0
23582.0,-106678.0
23584.0,-101222.0
23586.0,-103975.0
23588.0,-111386.0
23590.0,-120926.0
23592.0,-127729.0
23594.0,-129426.0
23596.0,-126652.0
23598.0,-120550.0
23600.0,-112162.0
23602.0,-104192.0
23604.0,-100728.0
23606.0,-103394.0
23608.0,-110631.0
23610.0,-120116.0
23612.0,-127041.0
23614.0,-128874.0
23616.0,-126201.0
23618.0,-120147.0
23620.0,-111755.0
23622.0,-103721.0
23624.0,-100205.0
23626.0,-102676.0
23628.0,-109589.0
23630.0,-118877.0
23632.0,-126162.0
23634.0,-128401.0
23636.0,-125773.0
23638.0,-119734.0
23640.0,-111321.0
23642.0,-103236.0
23644.0,-99611.0
23646.0,-102091.0
23648.0,-109156.0
23650.0,-118739.0
23652.0,-126024.0
23654.0,-128125.0
23656.0,-125612.0
23658.0,-119604.0
23660.0,-111136.0
23662.0,-102912.0
23664.0,-99136.0
23666.0,-101627.0
23668.0,-108841.0
23670.0,-118524.0
23672.0,-125767.0
23674.0,-127849.0
23676.0,-125350.0
23678.0,-119321.0
23680.0,-110779.0
23682.0,-102446.0
23684.0,-98577.0
23686.0,-101075.0
23688.0,-108427.0
23690.0,-118181.0
23692.0,-125382.0
23694.0,-127488.0
23696.0,-124963.0
23698.0,-118888.0
23700.0,-110323.0
23702.0,-101947.0
23704.0,-98012.0
23706.0,-100478.0
23708.0,-107962.0
23710.0,-117941.0
23712.0,-125266.0
23714.0,-127413.0
23716.0,-124842.0
23718.0,-118627.0
23720.0,-109872.0
23722.0,-101283.0
23724.0,-97242.0
23726.0,-99757.0
23728.0,-107262.0
23730.0,-117182.0
23732.0,-124702.0
23734.0,-126994.0
23736.0,-124525.0
23738.0,-118369.0
23740.0,-109617.0
23742.0,-101010.0
23744.0,-96919.0
23746.0,-99294.0
23748.0,-106628.0
23750.0,-116543.0
23752.0,-124055.0
23754.0,-126319.0
23756.0,-123873.0
23758.0,-117826.0
23760.0,-109252.0
23762.0,-100824.0
23764.0,-96802.0
23766.0,-99153.0
23768.0,-106419.0
23770.0,-116166.0
23772.0,-123495.0
23774.0,-125693.0
23776.0,-123249.0
23778.0,-117194.0
23780.0,-108612.0
23782.0,-100202.0
23784.0,-96258.0
23786.0,-98689.0
23788.0,-106019.0
23790.0,-115811.0
23792.0,-123104.0
23794.0,-125237.0
23796.0,-122726.0
23798.0,-116651.0
23800.0,-108099.0
23802.0,-99722.0
23804.0,-95796.0
23806.0,-98254.0
23808.0,-105606.0
23810.0,-115329.0
23812.0,-122537.0
23814.0,-124631.0
23816.0,-122124.0
23818.0,-116065.0
23820.0,-107529.0
23822.0,-99179.0
23824.0,-95279.0
23826.0,-97741.0
23828.0,-105094.0
23830.0,-114874.0
23832.0,-122029.0
23834.0,-124051.0
23836.0,-121535.0
23838.0,-115491.0
23840.0,-106971.0
23842.0,-98632.0
23844.0,-94734.0
23846.0,-97197.0
23848.0,-104566.0
23850.0,-114319.0
23852.0,-121527.0
23854.0,-123607.0
23856.0,-121077.0
23858.0,-115010.0
23860.0,-106481.0
23862.0,-98136.0
23864.0,-94235.0
23866.0,-96689.0
23868.0,-103952.0
23870.0,-113722.0
23872.0,-121137.0
23874.0,-123241.0
23876.0,-120656.0
23878.0,-114529.0
23880.0,-105935.0
23882.0,-97514.0
23884.0,-93581.0
23886.0,-96057.0
23888.0,-103390.0
23890.0,-113285.0
23892.0,-120849.0
23894.0,-122959.0
23896.0,-120313.0
23898.0,-114099.0
23900.0,-105442.0
23902.0,-96984.0
23904.0,-92864.0
23906.0,-95734.0
23908.0,-108625.0
23910.0,-127240.0
23912.0,-141567.0
23914.0,-143984.0
23916.0,-137107.0
23918.0,-124287.0
23920.0,-107623.0
23922.0,-92609.0
23924.0,-87521.0
23926.0,-94969.0
23928.0,-110770.0
23930.0,-129829.0
23932.0,-142199.0
23934.0,-143752.0
23936.0,-136602.0
23938.0,-123716.0
23940.0,-107018.0
23942.0,-91968.0
23944.0,-86883.0
23946.0,-94333.0
23948.0,-110104.0
23950.0,-129174.0
23952.0,-141614.0
23954.0,-143173.0
23956.0,-136209.0
23958.0,-123342.0
23960.0,-106677.0
23962.0,-91677.0
23964.0,-86617.0
23966.0,-94039.0
23968.0,-109766.0
23970.0,-128779.0
23972.0,-141229.0
23974.0,-142784.0
23976.0,-135961.0
23978.0,-123327.0
23980.0,-106902.0
23982.0,-92076.0
23984.0,-87046.0
23986.0,-94367.0
23988.0,-109931.0
23990.0,-128775.0
23992.0,-141104.0
23994.0,-142651.0
23996.0,-135780.0
23998.0,-123072.0
24000.0,-106619.0
24002.0,-91753.0
24004.0,-86632.0
24006.0,-94782.0
24008.0,-114192.0
24010.0,-137238.0
24012.0,-153367.0
24014.0,-159156.0
24016.0,-157097.0
24018.0,-149447.0
24020.0,-138657.0
24022.0,-129830.0
24024.0,-130730.0
24026.0,-142793.0
24028.0,-161147.0
24030.0,-180634.0
24032.0,-192479.0
24034.0,-194320.0
24036.0,-189317.0
24038.0,-179976.0
24040.0,-168599.0
24042.0,-159574.0
24044.0,-159264.0
24046.0,-168840.0
24048.0,-183933.0
24050.0,-200355.0
24052.0,-210296.0
24054.0,-210830.0
24056.0,-204026.0
24058.0,-192771.0
24060.0,-179637.0
24062.0,-169527.0
24064.0,-169201.0
24066.0,-178722.0
24068.0,-193589.0
24070.0,-209042.0
24072.0,-217314.0
24074.0,-216496.0
24076.0,-209353.0
24078.0,-199061.0
24080.0,-187149.0
24082.0,-177470.0
24084.0,-175785.0
24086.0,-182912.0
24088.0,-194428.0
24090.0,-206233.0
24092.0,-211649.0
24094.0,-209210.0
24096.0,-202033.0
24098.0,-192253.0
24100.0,-181387.0
24102.0,-173226.0
24104.0,-172303.0
24106.0,-178723.0
24108.0,-188509.0
24110.0,-198381.0
24112.0,-202637.0
24114.0,-199794.0
24116.0,-192891.0
24118.0,-184198.0
24120.0,-174949.0
24122.0,-168246.0
24124.0,-168128.0
24126.0,-174484.0
24128.0,-183812.0
24130.0,-193042.0
24132.0,-196755.0
24134.0,-194016.0
24136.0,-187172.0
24138.0,-178247.0
24140.0,-168349.0
24142.0,-160419.0
24144.0,-159297.0
24146.0,-165721.0
24148.0,-176211.0
24150.0,-187406.0
24152.0,-193198.0
24154.0,-191457.0
24156.0,-183999.0
24158.0,-172287.0
24160.0,-158071.0
24162.0,-143850.0
24164.0,-138360.0
24166.0,-145450.0
24168.0,-161236.0
24170.0,-180128.0
24172.0,-192442.0
24174.0,-194287.0
24176.0,-187658.0
24178.0,-174952.0
24180.0,-158323.0
24182.0,-143021.0
24184.0,-137388.0
24186.0,-144376.0
24188.0,-160030.0
24190.0,-179056.0
24192.0,-191771.0
24194.0,-193684.0
24196.0,-187030.0
24198.0,-174341.0
24200.0,-157790.0
24202.0,-142548.0
24204.0,-136969.0
24206.0,-143973.0
24208.0,-159582.0
24210.0,-178476.0
24212.0,-191051.0
24214.0,-192970.0
24216.0,-186361.0
24218.0,-173706.0
24220.0,-157154.0
24222.0,-141875.0
24224.0,-136222.0
24226.0,-143185.0
24228.0,-158854.0
24230.0,-177777.0
24232.0,-190300.0
24234.0,-192207.0
24236.0,-185586.0
24238.0,-172965.0
24240.0,-156993.0
24242.0,-143004.0
24244.0,-138255.0
24246.0,-145241.0
24248.0,-159372.0
24250.0,-174526.0
24252.0,-182190.0
24254.0,-180077.0
24256.0,-171637.0
24258.0,-160186.0
24260.0,-147413.0
24262.0,-137508.0
24264.0,-136259.0
24266.0,-142117.0
24268.0,-150371.0
24270.0,-156912.0
24272.0,-156774.0
24274.0,-151414.0
24276.0,-143986.0
24278.0,-135646.0
24280.0,-127531.0
24282.0,-121870.0
24284.0,-121018.0
24286.0,-123962.0
24288.0,-128017.0
24290.0,-131024.0
24292.0,-130279.0
24294.0,-126806.0
24296.0,-122313.0
24298.0,-117630.0
24300.0,-113306.0
24302.0,-110759.0
24304.0,-111192.0
24306.0,-113887.0
24308.0,-117071.0
24310.0,-119612.0
24312.0,-119516.0
24314.0,-117117.0
24316.0,-113711.0
24318.0,-110189.0
24320.0,-107099.0
24322.0,-105372.0
24324.0,-105851.0
24326.0,-108137.0
24328.0,-110798.0
24330.0,-112925.0
24332.0,-112986.0
24334.0,-111182.0
24336.0,-108547.0
24338.0,-105710.0
24340.0,-102951.0
24342.0,-101210.0
24344.0,-101578.0
24346.0,-103610.0
24348.0,-106002.0
24350.0,-107996.0
24352.0,-108085.0
24354.0,-106458.0
24356.0,-104059.0
24358.0,-101514.0
24360.0,-99142.0
24362.0,-97676.0
24364.0,-98046.0
24366.0,-99947.0
24368.0,-102216.0
24370.0,-103992.0
24372.0,-104012.0
24374.0,-102342.0
24376.0,-99937.0
24378.0,-97388.0
24380.0,-94922.0
24382.0,-93479.0
24384.0,-94224.0
24386.0,-96676.0
24388.0,-100190.0
24390.0,-103164.0
24392.0,-103739.0
24394.0,-102354.0
24396.0,-100099.0
24398.0,-97701.0
24400.0,-95359.0
24402.0,-93821.0
24404.0,-93866.0
24406.0,-95196.0
24408.0,-96871.0
24410.0,-98279.0
24412.0,-98105.0
24414.0,-96461.0
24416.0,-94224.0
24418.0,-91857.0
24420.0,-89593.0
24422.0,-88042.0
24424.0,-87941.0
24426.0,-89065.0
24428.0,-90447.0
24430.0,-91391.0
24432.0,-90963.0
24434.0,-89358.0
24436.0,-87314.0
24438.0,-85242.0
24440.0,-83310.0
24442.0,-81918.0
24444.0,-81771.0
24446.0,-82709.0
24448.0,-83928.0
24450.0,-84847.0
24452.0,-84601.0
24454.0,-83221.0
24456.0,-81316.0
24458.0,-79300.0
24460.0,-77362.0
24462.0,-76010.0
24464.0,-75893.0
24466.0,-76859.0
24468.0,-78111.0
24470.0,-79105.0
24472.0,-79016.0
24474.0,-77859.0
24476.0,-76221.0
24478.0,-74472.0
24480.0,-72791.0
24482.0,-71671.0
24484.0,-71743.0
24486.0,-72851.0
24488.0,-74234.0
24490.0,-75403.0
24492.0,-75522.0
24494.0,-74663.0
24496.0,-73338.0
24498.0,-71869.0
24500.0,-70342.0
24502.0,-69235.0
24504.0,-69301.0
24506.0,-70393.0
24508.0,-71791.0
24510.0,-72956.0
24512.0,-73041.0
24514.0,-72126.0
24516.0,-70749.0
24518.0,-69231.0
24520.0,-67732.0
24522.0,-66734.0
24524.0,-66822.0
24526.0,-67891.0
24528.0,-69242.0
24530.0,-70362.0
24532.0,-70494.0
24534.0,-69649.0
24536.0,-68341.0
24538.0,-66914.0
24540.0,-65507.0
24542.0,-64570.0
24544.0,-64673.0
24546.0,-65713.0
24548.0,-67023.0
24550.0,-68125.0
24552.0,-68217.0
24554.0,-67563.0
24556.0,-66796.0
24558.0,-65636.0
24560.0,-64291.0
24562.0,-63317.0
24564.0,-63362.0
24566.0,-64296.0
24568.0,-65498.0
24570.0,-66589.0
24572.0,-66664.0
24574.0,-65647.0
24576.0,-64221.0
24578.0,-62719.0
24580.0,-61236.0
24582.0,-60186.0
24584.0,-60131.0
24586.0,-60938.0
24588.0,-62199.0
24590.0,-63431.0
24592.0,-63708.0
24594.0,-62924.0
24596.0,-61744.0
24598.0,-60428.0
24600.0,-59111.0
24602.0,-58301.0
24604.0,-58579.0
24606.0,-59683.0
24608.0,-60904.0
24610.0,-61917.0
24612.0,-62040.0
24614.0,-61331.0
24616.0,-60230.0
24618.0,-58968.0
24620.0,-57837.0
24622.0,-57066.0
24624.0,-57077.0
24626.0,-57942.0
24628.0,-59005.0
24630.0,-59907.0
24632.0,-59946.0
24634.0,-59160.0
24636.0,-57992.0
24638.0,-56672.0
24640.0,-55374.0
24642.0,-54443.0
24644.0,-54401.0
24646.0,-55141.0
24648.0,-56095.0
24650.0,-56942.0
24652.0,-57011.0
24654.0,-56219.0
24656.0,-55039.0
24658.0,-53760.0
24660.0,-52502.0
24662.0,-51651.0
24664.0,-51681.0
24666.0,-52520.0
24668.0,-53572.0
24670.0,-54504.0
24672.0,-54670.0
24674.0,-54004.0
24676.0,-52936.0
24678.0,-51734.0
24680.0,-50553.0
24682.0,-49743.0
24684.0,-49802.0
24686.0,-50637.0
24688.0,-51714.0
24690.0,-52649.0
24692.0,-52818.0
24694.0,-52136.0
24696.0,-51062.0
24698.0,-49857.0
24700.0,-48641.0
24702.0,-47789.0
24704.0,-47764.0
24706.0,-48468.0
24708.0,-49394.0
24710.0,-50194.0
24712.0,-50287.0
24714.0,-49579.0
24716.0,-48464.0
24718.0,-47276.0
24720.0,-46129.0
24722.0,-45302.0
24724.0,-45311.0
24726.0,-46179.0
24728.0,-47291.0
24730.0,-48197.0
24732.0,-48332.0
24734.0,-47707.0
24736.0,-46764.0
24738.0,-45672.0
24740.0,-44598.0
24742.0,-43876.0
24744.0,-43954.0
24746.0,-44732.0
24748.0,-45734.0
24750.0,-46532.0
24752.0,-46551.0
24754.0,-45936.0
24756.0,-45123.0
24758.0,-44086.0
24760.0,-43077.0
24762.0,-42383.0
24764.0,-42378.0
24766.0,-42984.0
24768.0,-43729.0
24770.0,-44373.0
24772.0,-44374.0
24774.0,-43646.0
24776.0,-42584.0
24778.0,-41396.0
24780.0,-40186.0
24782.0,-39290.0
24784.0,-39185.0
24786.0,-39792.0
24788.0,-40631.0
24790.0,-41359.0
24792.0,-41423.0
24794.0,-40736.0
24796.0,-39699.0
24798.0,-38538.0
24800.0,-37409.0
24802.0,-36616.0
24804.0,-36565.0
24806.0,-37193.0
24808.0,-38015.0
24810.0,-38707.0
24812.0,-38698.0
24814.0,-37949.0
24816.0,-36871.0
24818.0,-35672.0
24820.0,-34495.0
24822.0,-33622.0
24824.0,-33466.0
24826.0,-33996.0
24828.0,-34787.0
24830.0,-35649.0
24832.0,-35783.0
24834.0,-35096.0
24836.0,-34039.0
24838.0,-32883.0
24840.0,-31740.0
24842.0,-30888.0
24844.0,-30791.0
24846.0,-31346.0
24848.0,-32109.0
24850.0,-32774.0
24852.0,-32804.0
24854.0,-32112.0
24856.0,-31094.0
24858.0,-29958.0
24860.0,-28818.0
24862.0,-27965.0
24864.0,-27841.0
24866.0,-28372.0
24868.0,-29116.0
24870.0,-29783.0
24872.0,-29846.0
24874.0,-29211.0
24876.0,-28231.0
24878.0,-27121.0
24880.0,-26039.0
24882.0,-25265.0
24884.0,-25193.0
24886.0,-25782.0
24888.0,-26607.0
24890.0,-27339.0
24892.0,-27448.0
24894.0,-26850.0
24896.0,-25941.0
24898.0,-24919.0
24900.0,-23921.0
24902.0,-23203.0
24904.0,-23187.0
24906.0,-23945.0
24908.0,-24897.0
24910.0,-25634.0
24912.0,-25764.0
24914.0,-25246.0
24916.0,-24432.0
24918.0,-23474.0
24920.0,-22498.0
24922.0,-21792.0
24924.0,-21806.0
24926.0,-22534.0
24928.0,-23519.0
24930.0,-24377.0
24932.0,-24620.0
24934.0,-24187.0
24936.0,-23404.0
24938.0,-22486.0
24940.0,-21558.0
24942.0,-20885.0
24944.0,-20879.0
24946.0,-21534.0
24948.0,-22397.0
24950.0,-23171.0
24952.0,-23391.0
24954.0,-22955.0
24956.0,-22159.0
24958.0,-21220.0
24960.0,-20293.0
24962.0,-19631.0
24964.0,-19612.0
24966.0,-20217.0
24968.0,-21071.0
24970.0,-21816.0
24972.0,-21981.0
24974.0,-21447.0
24976.0,-20632.0
24978.0,-19740.0
24980.0,-18856.0
24982.0,-18206.0
24984.0,-18214.0
24986.0,-18838.0
24988.0,-19692.0
24990.0,-20447.0
24992.0,-20637.0
24994.0,-20188.0
24996.0,-19428.0
24998.0,-18538.0
25000.0,-17652.0
25002.0,-17016.0
25004.0,-17027.0
25006.0,-17656.0
25008.0,-18498.0
25010.0,-19236.0
25012.0,-19423.0
25014.0,-18996.0
25016.0,-18252.0
25018.0,-17382.0
25020.0,-16511.0
25022.0,-15871.0
25024.0,-15864.0
25026.0,-16463.0
25028.0,-17279.0
25030.0,-18011.0
25032.0,-18202.0
25034.0,-17751.0
25036.0,-16990.0
25038.0,-16117.0
25040.0,-15262.0
25042.0,-14636.0
25044.0,-14619.0
25046.0,-15182.0
25048.0,-15976.0
25050.0,-16686.0
25052.0,-16856.0
25054.0,-16406.0
25056.0,-15657.0
25058.0,-14787.0
25060.0,-13912.0
25062.0,-13262.0
25064.0,-13231.0
25066.0,-13806.0
25068.0,-14598.0
25070.0,-15335.0
25072.0,-15539.0
25074.0,-15125.0
25076.0,-14406.0
25078.0,-13555.0
25080.0,-12699.0
25082.0,-12067.0
25084.0,-12069.0
25086.0,-12676.0
25088.0,-13514.0
25090.0,-14271.0
25092.0,-14496.0
25094.0,-14091.0
25096.0,-13377.0
25098.0,-12557.0
25100.0,-11719.0
25102.0,-11077.0
25104.0,-11032.0
25106.0,-11614.0
25108.0,-12460.0
25110.0,-13231.0
25112.0,-13474.0
25114.0,-13091.0
25116.0,-12392.0
25118.0,-11592.0
25120.0,-10780.0
25122.0,-10161.0
25124.0,-10141.0
25126.0,-10722.0
25128.0,-11560.0
25130.0,-12322.0
25132.0,-12559.0
25134.0,-12183.0
25136.0,-11493.0
25138.0,-10668.0
25140.0,-9822.0
25142.0,-9201.0
25144.0,-9171.0
25146.0,-9742.0
25148.0,-10549.0
25150.0,-11283.0
25152.0,-11510.0
25154.0,-11126.0
25156.0,-10434.0
25158.0,-9605.0
25160.0,-8758.0
25162.0,-8121.0
25164.0,-8070.0
25166.0,-8591.0
25168.0,-9365.0
25170.0,-10070.0
25172.0,-10292.0
25174.0,-9911.0
25176.0,-9216.0
25178.0,-8396.0
25180.0,-7576.0
25182.0,-6961.0
25184.0,-6924.0
25186.0,-7483.0
25188.0,-8297.0
25190.0,-9079.0
25192.0,-9369.0
25194.0,-9054.0
25196.0,-8426.0
25198.0,-7641.0
25200.0,-6819.0
25202.0,-6186.0
25204.0,-6114.0
25206.0,-6609.0
25208.0,-7345.0
25210.0,-8029.0
25212.0,-8221.0
25214.0,-7793.0
25216.0,-7058.0
25218.0,-6192.0
25220.0,-5316.0
25222.0,-4622.0
25224.0,-4509.0
25226.0,-4995.0
25228.0,-5746.0
25230.0,-6450.0
25232.0,-6685.0
25234.0,-6319.0
25236.0,-5659.0
25238.0,-4864.0
25240.0,-4062.0
25242.0,-3469.0
25244.0,-3442.0
25246.0,-3999.0
25248.0,-4767.0
25250.0,-5501.0
25252.0,-5779.0
25254.0,-5418.0
25256.0,-4746.0
25258.0,-4009.0
25260.0,-3238.0
25262.0,-2617.0
25264.0,-2570.0
25266.0,-3115.0
25268.0,-3905.0
25270.0,-4672.0
25272.0,-4991.0
25274.0,-4671.0
25276.0,-4038.0
25278.0,-3252.0
25280.0,-2461.0
25282.0,-1889.0
25284.0,-1909.0
25286.0,-2527.0
25288.0,-3399.0
25290.0,-4240.0
25292.0,-4659.0
25294.0,-4494.0
25296.0,-3979.0
25298.0,-3282.0
25300.0,-2476.0
25302.0,-1742.0
25304.0,-1537.0
25306.0,-1752.0
25308.0,-2051.0
25310.0,-2210.0
25312.0,-1804.0
25314.0,-763.0
25316.0,569.0
25318.0,2079.0
25320.0,3618.0
25322.0,4917.0
25324.0,5598.0
25326.0,5636.0
25328.0,5383.0
25330.0,5102.0
25332.0,5219.0
25334.0,5959.0
25336.0,6978.0
25338.0,8135.0
25340.0,9299.0
25342.0,10228.0
25344.0,10635.0
25346.0,10498.0
25348.0,10058.0
25350.0,9599.0
25352.0,9598.0
25354.0,10251.0
25356.0,11253.0
25358.0,12400.0
25360.0,13554.0
25362.0,14510.0
25364.0,14918.0
25366.0,14739.0
25368.0,14261.0
25370.0,13833.0
25372.0,13848.0
25374.0,14375.0
25376.0,15234.0
25378.0,16244.0
25380.0,17273.0
25382.0,18111.0
25384.0,18433.0
25386.0,18183.0
25388.0,17655.0
25390.0,17154.0
25392.0,17066.0
25394.0,17491.0
25396.0,18176.0
25398.0,18989.0
25400.0,19839.0
25402.0,20605.0
25404.0,20888.0
25406.0,20558.0
25408.0,19970.0
25410.0,19450.0
25412.0,19396.0
25414.0,19926.0
25416.0,20712.0
25418.0,21630.0
25420.0,22553.0
25422.0,23334.0
25424.0,23646.0
25426.0,23389.0
25428.0,22863.0
25430.0,22389.0
25432.0,22326.0
25434.0,22774.0
25436.0,23508.0
25438.0,24431.0
25440.0,25391.0
25442.0,26199.0
25444.0,26519.0
25446.0,26225.0
25448.0,25618.0
25450.0,24995.0
25452.0,24775.0
25454.0,25103.0
25456.0,25690.0
25458.0,26477.0
25460.0,27315.0
25462.0,28027.0
25464.0,28261.0
25466.0,27899.0
25468.0,27224.0
25470.0,26584.0
25472.0,26374.0
25474.0,26744.0
25476.0,27444.0
25478.0,28356.0
25480.0,29301.0
25482.0,30066.0
25484.0,30365.0
25486.0,30126.0
25488.0,29531.0
25490.0,28929.0
25492.0,28723.0
25494.0,29085.0
25496.0,29812.0
25498.0,30715.0
25500.0,31639.0
25502.0,32413.0
25504.0,32713.0
25506.0,32470.0
25508.0,31892.0
25510.0,31343.0
25512.0,31163.0
25514.0,31617.0
25516.0,32527.0
25518.0,33568.0
25520.0,34470.0
25522.0,35272.0
25524.0,35536.0
25526.0,35229.0
25528.0,34709.0
25530.0,34032.0
25532.0,33773.0
25534.0,34159.0
25536.0,34909.0
25538.0,35784.0
25540.0,36688.0
25542.0,37496.0
25544.0,37848.0
25546.0,37625.0
25548.0,37182.0
25550.0,36723.0
25552.0,36307.0
25554.0,36523.0
25556.0,37256.0
25558.0,38161.0
25560.0,39145.0
25562.0,40001.0
25564.0,40247.0
25566.0,39821.0
25568.0,39139.0
25570.0,38514.0
25572.0,38201.0
25574.0,38451.0
25576.0,39106.0
25578.0,40120.0
25580.0,41078.0
25582.0,41897.0
25584.0,42353.0
25586.0,42113.0
25588.0,41624.0
25590.0,41086.0
25592.0,40896.0
25594.0,41369.0
25596.0,42156.0
25598.0,43024.0
25600.0,43931.0
25602.0,44667.0
25604.0,44934.0
25606.0,44616.0
25608.0,43860.0
25610.0,42907.0
25612.0,42344.0
25614.0,42468.0
25616.0,42879.0
25618.0,43502.0
25620.0,44191.0
25622.0,44805.0
25624.0,44969.0
25626.0,44561.0
25628.0,43856.0
25630.0,43158.0
25632.0,42917.0
25634.0,43281.0
25636.0,43925.0
25638.0,44766.0
25640.0,45682.0
25642.0,46478.0
25644.0,46829.0
25646.0,46628.0
25648.0,46079.0
25650.0,45494.0
25652.0,45268.0
25654.0,45600.0
25656.0,46303.0
25658.0,47237.0
25660.0,48210.0
25662.0,49169.0
25664.0,49721.0
25666.0,49630.0
25668.0,49239.0
25670.0,48848.0
25672.0,48676.0
25674.0,48986.0
25676.0,49658.0
25678.0,50557.0
25680.0,51493.0
25682.0,52358.0
25684.0,52798.0
25686.0,52718.0
25688.0,52442.0
25690.0,52191.0
25692.0,52176.0
25694.0,52588.0
25696.0,53248.0
25698.0,54087.0
25700.0,54971.0
25702.0,55676.0
25704.0,55929.0
25706.0,55637.0
25708.0,55068.0
25710.0,54458.0
25712.0,54164.0
25714.0,54481.0
25716.0,55173.0
25718.0,56088.0
25720.0,57033.0
25722.0,57803.0
25724.0,58088.0
25726.0,57819.0
25728.0,57269.0
25730.0,56634.0
25732.0,56284.0
25734.0,56411.0
25736.0,57006.0
25738.0,57813.0
25740.0,58667.0
25742.0,59419.0
25744.0,59735.0
25746.0,59627.0
25748.0,59221.0
25750.0,58696.0
25752.0,57996.0
25754.0,57811.0
25756.0,58221.0
25758.0,58986.0
25760.0,59684.0
25762.0,60328.0
25764.0,60497.0
25766.0,60125.0
25768.0,59486.0
25770.0,58870.0
25772.0,58533.0
25774.0,58757.0
25776.0,59359.0
25778.0,60111.0
25780.0,60853.0
25782.0,61514.0
25784.0,61779.0
25786.0,61429.0
25788.0,60880.0
25790.0,60549.0
25792.0,60591.0
25794.0,61063.0
25796.0,61751.0
25798.0,62504.0
25800.0,63331.0
25802.0,64003.0
25804.0,64206.0
25806.0,63878.0
25808.0,63249.0
25810.0,62552.0
25812.0,62099.0
25814.0,62179.0
25816.0,62634.0
25818.0,63282.0
25820.0,64039.0
25822.0,64879.0
25824.0,65399.0
25826.0,65313.0
25828.0,64843.0
25830.0,64303.0
25832.0,64084.0
25834.0,64496.0
25836.0,65279.0
25838.0,66303.0
25840.0,67429.0
25842.0,68469.0
25844.0,69031.0
25846.0,68991.0
25848.0,68562.0
25850.0,68076.0
25852.0,67833.0
25854.0,68144.0
25856.0,68837.0
25858.0,69741.0
25860.0,70759.0
25862.0,71596.0
25864.0,71928.0
25866.0,71650.0
25868.0,70979.0
25870.0,70225.0
25872.0,69831.0
25874.0,70018.0
25876.0,70597.0
25878.0,71344.0
25880.0,72073.0
25882.0,72074.0
25884.0,71341.0
25886.0,70230.0
25888.0,69243.0
25890.0,68433.0
25892.0,67958.0
25894.0,68194.0
25896.0,68844.0
25898.0,69633.0
25900.0,70370.0
25902.0,70990.0
25904.0,71154.0
25906.0,70852.0
25908.0,70583.0
25910.0,70319.0
25912.0,69913.0
25914.0,69783.0
25916.0,70371.0
25918.0,71201.0
25920.0,71848.0
25922.0,72465.0
25924.0,72609.0
25926.0,72116.0
25928.0,71283.0
25930.0,70431.0
25932.0,69921.0
25934.0,69926.0
25936.0,70211.0
25938.0,70748.0
25940.0,71468.0
25942.0,71988.0
25944.0,72152.0
25946.0,71809.0
25948.0,71026.0
25950.0,70165.0
25952.0,69682.0
25954.0,69780.0
25956.0,70202.0
25958.0,70717.0
25960.0,71353.0
25962.0,72011.0
25964.0,72405.0
25966.0,72127.0
25968.0,71465.0
25970.0,70831.0
25972.0,70486.0
25974.0,70744.0
25976.0,71273.0
25978.0,71978.0
25980.0,72798.0
25982.0,73528.0
25984.0,73781.0
25986.0,73454.0
25988.0,72816.0
25990.0,72162.0
25992.0,71773.0
25994.0,72041.0
25996.0,72685.0
25998.0,73476.0
26000.0,74313.0
26002.0,75011.0
26004.0,75159.0
26006.0,74774.0
26008.0,74086.0
26010.0,73339.0
26012.0,72887.0
26014.0,73005.0
26016.0,73549.0
26018.0,74275.0
26020.0,75050.0
26022.0,75653.0
26024.0,75781.0
26026.0,75418.0
26028.0,74839.0
26030.0,74121.0
26032.0,73686.0
26034.0,73846.0
26036.0,74357.0
26038.0,75103.0
26040.0,75914.0
26042.0,76640.0
26044.0,76854.0
26046.0,76499.0
26048.0,75818.0
26050.0,75082.0
26052.0,74661.0
26054.0,74953.0
26056.0,75579.0
26058.0,76296.0
26060.0,77065.0
26062.0,77738.0
26064.0,77954.0
26066.0,77671.0
26068.0,77092.0
26070.0,76432.0
26072.0,76108.0
26074.0,76328.0
26076.0,76867.0
26078.0,77648.0
26080.0,78451.0
26082.0,79143.0
26084.0,79386.0
26086.0,79073.0
26088.0,78511.0
26090.0,77884.0
26092.0,77517.0
26094.0,77768.0
26096.0,78338.0
26098.0,79061.0
26100.0,79948.0
26102.0,80727.0
26104.0,81000.0
26106.0,80691.0
26108.0,80072.0
26110.0,79392.0
26112.0,78935.0
26114.0,79067.0
26116.0,79589.0
26118.0,80306.0
26120.0,80991.0
26122.0,81499.0
26124.0,81684.0
26126.0,81279.0
26128.0,80487.0
26130.0,79799.0
26132.0,79396.0
26134.0,79397.0
26136.0,79788.0
26138.0,80350.0
26140.0,80901.0
26142.0,81549.0
26144.0,81694.0
26146.0,81206.0
26148.0,80476.0
26150.0,79810.0
26152.0,79314.0
26154.0,79234.0
26156.0,79612.0
26158.0,80258.0
26160.0,80963.0
26162.0,81517.0
26164.0,81624.0
26166.0,81209.0
26168.0,80378.0
26170.0,79556.0
26172.0,79065.0
26174.0,79068.0
26176.0,79432.0
26178.0,79925.0
26180.0,80409.0
26182.0,80991.0
26184.0,81119.0
26186.0,80607.0
26188.0,79882.0
26190.0,79181.0
26192.0,78631.0
26194.0,78687.0
26196.0,79203.0
26198.0,79778.0
26200.0,80241.0
26202.0,80612.0
26204.0,80724.0
26206.0,80397.0
26208.0,79679.0
26210.0,78947.0
26212.0,78459.0
26214.0,78496.0
26216.0,78899.0
26218.0,79523.0
26220.0,80108.0
26222.0,80591.0
26224.0,80639.0
26226.0,80144.0
26228.0,79415.0
26230.0,78788.0
26232.0,78418.0
26234.0,78541.0
26236.0,79019.0
26238.0,79544.0
26240.0,80096.0
26242.0,80646.0
26244.0,80853.0
26246.0,80494.0
26248.0,79705.0
26250.0,78881.0
26252.0,78378.0
26254.0,78359.0
26256.0,78639.0
26258.0,79219.0
26260.0,80093.0
26262.0,80752.0
26264.0,80838.0
26266.0,80432.0
26268.0,79848.0
26270.0,79120.0
26272.0,78557.0
26274.0,78571.0
26276.0,78878.0
26278.0,79394.0
26280.0,80143.0
26282.0,80874.0
26284.0,81313.0
26286.0,81185.0
26288.0,80581.0
26290.0,79843.0
26292.0,79208.0
26294.0,79176.0
26296.0,79613.0
26298.0,80298.0
26300.0,80958.0
26302.0,81530.0
26304.0,81749.0
26306.0,81438.0
26308.0,80774.0
26310.0,80041.0
26312.0,79519.0
26314.0,79606.0
26316.0,80039.0
26318.0,80671.0
26320.0,81373.0
26322.0,81998.0
26324.0,82230.0
26326.0,81945.0
26328.0,81300.0
26330.0,80526.0
26332.0,80046.0
26334.0,80098.0
26336.0,80506.0
26338.0,81131.0
26340.0,81812.0
26342.0,82359.0
26344.0,82473.0
26346.0,82068.0
26348.0,81348.0
26350.0,80584.0
26352.0,80069.0
26354.0,80110.0
26356.0,80519.0
26358.0,81124.0
26360.0,81801.0
26362.0,82406.0
26364.0,82556.0
26366.0,82224.0
26368.0,81526.0
26370.0,80791.0
26372.0,80396.0
26374.0,80466.0
26376.0,80903.0
26378.0,81548.0
26380.0,82234.0
26382.0,82825.0
26384.0,83019.0
26386.0,82671.0
26388.0,81958.0
26390.0,81261.0
26392.0,80809.0
26394.0,80863.0
26396.0,81307.0
26398.0,81878.0
26400.0,82474.0
26402.0,83078.0
26404.0,83253.0
26406.0,82868.0
26408.0,82158.0
26410.0,81399.0
26412.0,80948.0
26414.0,81013.0
26416.0,81389.0
26418.0,81971.0
26420.0,82625.0
26422.0,83243.0
26424.0,83406.0
26426.0,83044.0
26428.0,82391.0
26430.0,81716.0
26432.0,81219.0
26434.0,81244.0
26436.0,81608.0
26438.0,82138.0
26440.0,82703.0
26442.0,83191.0
26444.0,83329.0
26446.0,82933.0
26448.0,82204.0
26450.0,81425.0
26452.0,80929.0
26454.0,80986.0
26456.0,81473.0
26458.0,82138.0
26460.0,82655.0
26462.0,82978.0
26464.0,83050.0
26466.0,82695.0
26468.0,82081.0
26470.0,81444.0
26472.0,81061.0
26474.0,81109.0
26476.0,81431.0
26478.0,82226.0
26480.0,83026.0
26482.0,83707.0
26484.0,84018.0
26486.0,83738.0
26488.0,83016.0
26490.0,82318.0
26492.0,81976.0
26494.0,82066.0
26496.0,82509.0
26498.0,83196.0
26500.0,83958.0
26502.0,84643.0
26504.0,84939.0
26506.0,84649.0
26508.0,83999.0
26510.0,83286.0
26512.0,82971.0
26514.0,83213.0
26516.0,83774.0
26518.0,84528.0
26520.0,85253.0
26522.0,85944.0
26524.0,86295.0
26526.0,85996.0
26528.0,85338.0
26530.0,84621.0
26532.0,84073.0
26534.0,84058.0
26536.0,84568.0
26538.0,85306.0
26540.0,86013.0
26542.0,86609.0
26544.0,86818.0
26546.0,86464.0
26548.0,85641.0
26550.0,84759.0
26552.0,84144.0
26554.0,84163.0
26556.0,84471.0
26558.0,84894.0
26560.0,85403.0
26562.0,85922.0
26564.0,86099.0
26566.0,85658.0
26568.0,84856.0
26570.0,84063.0
26572.0,83550.0
26574.0,83542.0
26576.0,83859.0
26578.0,84429.0
26580.0,85104.0
26582.0,85684.0
26584.0,85825.0
26586.0,85504.0
26588.0,84926.0
26590.0,84279.0
26592.0,83776.0
26594.0,83741.0
26596.0,84106.0
26598.0,84711.0
26600.0,85358.0
26602.0,85890.0
26604.0,85999.0
26606.0,85676.0
26608.0,85094.0
26610.0,84426.0
26612.0,83910.0
26614.0,83896.0
26616.0,84326.0
26618.0,84950.0
26620.0,85553.0
26622.0,86028.0
26624.0,86113.0
26626.0,85816.0
26628.0,85214.0
26630.0,84497.0
26632.0,83858.0
26634.0,83739.0
26636.0,84157.0
26638.0,84854.0
26640.0,85522.0
26642.0,86061.0
26644.0,86240.0
26646.0,85894.0
26648.0,85259.0
26650.0,84551.0
26652.0,84118.0
26654.0,84205.0
26656.0,84590.0
26658.0,85158.0
26660.0,85787.0
26662.0,86337.0
26664.0,86532.0
26666.0,86193.0
26668.0,85498.0
26670.0,84759.0
26672.0,84263.0
26674.0,84257.0
26676.0,84601.0
26678.0,85222.0
26680.0,85841.0
26682.0,86328.0
26684.0,86441.0
26686.0,86103.0
26688.0,85479.0
26690.0,84735.0
26692.0,84189.0
26694.0,84174.0
26696.0,84536.0
26698.0,85035.0
26700.0,85541.0
26702.0,86037.0
26704.0,86229.0
26706.0,85914.0
26708.0,85266.0
26710.0,84563.0
26712.0,84088.0
26714.0,84147.0
26716.0,84542.0
26718.0,85074.0
26720.0,85624.0
26722.0,86209.0
26724.0,86518.0
26726.0,86283.0
26728.0,85606.0
26730.0,84880.0
26732.0,84375.0
26734.0,84383.0
26736.0,84762.0
26738.0,85362.0
26740.0,86017.0
26742.0,86524.0
26744.0,86625.0
26746.0,86265.0
26748.0,85633.0
26750.0,84986.0
26752.0,84511.0
26754.0,84528.0
26756.0,84883.0
26758.0,85457.0
26760.0,86088.0
26762.0,86653.0
26764.0,86826.0
26766.0,86528.0
26768.0,85918.0
26770.0,85226.0
26772.0,84704.0
26774.0,84702.0
26776.0,85053.0
26778.0,85623.0
26780.0,86293.0
26782.0,86919.0
26784.0,87158.0
26786.0,86834.0
26788.0,86144.0
26790.0,85428.0
26792.0,84924.0
26794.0,84883.0
26796.0,85177.0
26798.0,85695.0
26800.0,86275.0
26802.0,86830.0
26804.0,87128.0
26806.0,87036.0
26808.0,86646.0
26810.0,86101.0
26812.0,85538.0
26814.0,84618.0
26816.0,83394.0
26818.0,82140.0
26820.0,80886.0
26822.0,80143.0
26824.0,78623.0
26826.0,75094.0
26828.0,71185.0
26830.0,69244.0
26832.0,68803.0
26834.0,69146.0
26836.0,69440.0
26838.0,69311.0
26840.0,68884.0
26842.0,68260.0
26844.0,67313.0
26846.0,66209.0
26848.0,65397.0
26850.0,64537.0
26852.0,63749.0
26854.0,63508.0
26856.0,63081.0
26858.0,61344.0
26860.0,59091.0
26862.0,57563.0
26864.0,57155.0
26866.0,57455.0
26868.0,58145.0
26870.0,59364.0
26872.0,61365.0
26874.0,64006.0
26876.0,66905.0
26878.0,69726.0
26880.0,72286.0
26882.0,75815.0
26884.0,81623.0
26886.0,85464.0
26888.0,87944.0
26890.0,88876.0
26892.0,87850.0
26894.0,84966.0
26896.0,82139.0
26898.0,80106.0
26900.0,79208.0
26902.0,79501.0
26904.0,81469.0
26906.0,84353.0
26908.0,86601.0
26910.0,87339.0
26912.0,86279.0
26914.0,83536.0
26916.0,80938.0
26918.0,79195.0
26920.0,78461.0
26922.0,78801.0
26924.0,80724.0
26926.0,83546.0
26928.0,85851.0
26930.0,86839.0
26932.0,86156.0
26934.0,83703.0
26936.0,81249.0
26938.0,79421.0
26940.0,78426.0
26942.0,78324.0
26944.0,79873.0
26946.0,82656.0
26948.0,85160.0
26950.0,86416.0
26952.0,85931.0
26954.0,83408.0
26956.0,80742.0
26958.0,78745.0
26960.0,77714.0
26962.0,77702.0
26964.0,79421.0
26966.0,82332.0
26968.0,84866.0
26970.0,86085.0
26972.0,85574.0
26974.0,83008.0
26976.0,81157.0
26978.0,84160.0
26980.0,90808.0
26982.0,99021.0
26984.0,105321.0
26986.0,106381.0
26988.0,102018.0
26990.0,94084.0
26992.0,85041.0
26994.0,79792.0
26996.0,79571.0
26998.0,83448.0
27000.0,90098.0
27002.0,98376.0
27004.0,104781.0
27006.0,105946.0
27008.0,101554.0
27010.0,93508.0
27012.0,84436.0
27014.0,79286.0
27016.0,78998.0
27018.0,82824.0
27020.0,89438.0
27022.0,97699.0
27024.0,104293.0
27026.0,105652.0
27028.0,101368.0
27030.0,93308.0
27032.0,84111.0
27034.0,78765.0
27036.0,78273.0
27038.0,81984.0
27040.0,88640.0
27042.0,97138.0
27044.0,103980.0
27046.0,105546.0
27048.0,101281.0
27050.0,93076.0
27052.0,83678.0
27054.0,78151.0
27056.0,77569.0
27058.0,81314.0
27060.0,88126.0
27062.0,96851.0
27064.0,103851.0
27066.0,105437.0
27068.0,101004.0
27070.0,92543.0
27072.0,82921.0
27074.0,77366.0
27076.0,76893.0
27078.0,80777.0
27080.0,87728.0
27082.0,96571.0
27084.0,103677.0
27086.0,105314.0
27088.0,100842.0
27090.0,92291.0
27092.0,82653.0
27094.0,77011.0
27096.0,76374.0
27098.0,80224.0
27100.0,87229.0
27102.0,96169.0
27104.0,103384.0
27106.0,105076.0
27108.0,100623.0
27110.0,92075.0
27112.0,82353.0
27114.0,76629.0
27116.0,75939.0
27118.0,79716.0
27120.0,86656.0
27122.0,95569.0
27124.0,102746.0
27126.0,104531.0
27128.0,100215.0
27130.0,91725.0
27132.0,82029.0
27134.0,76287.0
27136.0,75556.0
27138.0,79295.0
27140.0,86233.0
27142.0,95175.0
27144.0,102466.0
27146.0,104292.0
27148.0,99955.0
27150.0,91486.0
27152.0,81743.0
27154.0,75924.0
27156.0,75167.0
27158.0,78882.0
27160.0,85776.0
27162.0,94679.0
27164.0,101961.0
27166.0,103796.0
27168.0,99501.0
27170.0,91049.0
27172.0,81326.0
27174.0,75517.0
27176.0,74766.0
27178.0,78481.0
27180.0,85361.0
27182.0,94251.0
27184.0,101516.0
27186.0,103348.0
27188.0,99044.0
27190.0,90588.0
27192.0,80868.0
27194.0,75063.0
27196.0,74335.0
27198.0,78071.0
27200.0,84961.0
27202.0,93839.0
27204.0,101084.0
27206.0,102920.0
27208.0,98636.0
27210.0,90219.0
27212.0,80534.0
27214.0,74759.0
27216.0,74031.0
27218.0,77744.0
27220.0,84589.0
27222.0,93425.0
27224.0,100645.0
27226.0,102419.0
27228.0,98079.0
27230.0,89754.0
27232.0,80125.0
27234.0,74381.0
27236.0,73683.0
27238.0,77423.0
27240.0,84298.0
27242.0,93116.0
27244.0,100306.0
27246.0,102078.0
27248.0,97754.0
27250.0,89328.0
27252.0,79628.0
27254.0,73872.0
27256.0,73224.0
27258.0,77026.0
27260.0,83947.0
27262.0,92809.0
27264.0,100016.0
27266.0,101772.0
27268.0,97413.0
27270.0,88982.0
27272.0,79279.0
27274.0,73529.0
27276.0,72884.0
27278.0,76673.0
27280.0,83568.0
27282.0,92392.0
27284.0,99566.0
27286.0,101307.0
27288.0,96971.0
27290.0,88586.0
27292.0,78930.0
27294.0,73219.0
27296.0,72571.0
27298.0,76344.0
27300.0,83224.0
27302.0,92049.0
27304.0,99235.0
27306.0,100988.0
27308.0,96610.0
27310.0,88156.0
27312.0,78520.0
27314.0,72848.0
27316.0,72219.0
27318.0,76008.0
27320.0,82891.0
27322.0,91703.0
27324.0,98872.0
27326.0,100613.0
27328.0,96220.0
27330.0,87716.0
27332.0,78124.0
27334.0,72523.0
27336.0,71903.0
27338.0,75698.0
27340.0,82590.0
27342.0,91401.0
27344.0,98553.0
27346.0,100293.0
27348.0,95926.0
27350.0,87491.0
27352.0,77823.0
27354.0,72097.0
27356.0,71458.0
27358.0,75256.0
27360.0,82150.0
27362.0,90970.0
27364.0,98153.0
27366.0,99905.0
27368.0,95536.0
27370.0,87116.0
27372.0,77459.0
27374.0,71759.0
27376.0,71109.0
27378.0,74888.0
27380.0,81781.0
27382.0,90598.0
27384.0,97786.0
27386.0,99543.0
27388.0,95180.0
27390.0,86760.0
27392.0,77094.0
27394.0,71358.0
27396.0,70711.0
27398.0,74494.0
27400.0,81381.0
27402.0,90218.0
27404.0,97421.0
27406.0,99198.0
27408.0,94866.0
27410.0,86449.0
27412.0,76746.0
27414.0,70956.0
27416.0,70301.0
27418.0,74096.0
27420.0,80994.0
27422.0,89834.0
27424.0,97058.0
27426.0,98858.0
27428.0,94599.0
27430.0,86270.0
27432.0,76491.0
27434.0,70529.0
27436.0,69940.0
27438.0,73752.0
27440.0,80648.0
27442.0,89482.0
27444.0,96719.0
27446.0,98541.0
27448.0,94378.0
27450.0,86141.0
27452.0,76334.0
27454.0,70184.0
27456.0,69442.0
27458.0,73255.0
27460.0,80191.0
27462.0,89065.0
27464.0,96324.0
27466.0,98136.0
27468.0,93909.0
27470.0,85598.0
27472.0,75768.0
27474.0,69754.0
27476.0,69079.0
27478.0,72899.0
27480.0,79836.0
27482.0,88704.0
27484.0,95963.0
27486.0,97797.0
27488.0,93598.0
27490.0,85370.0
27492.0,75681.0
27494.0,69758.0
27496.0,69033.0
27498.0,72703.0
27500.0,79453.0
27502.0,88133.0
27504.0,95264.0
27506.0,97116.0
27508.0,93049.0
27510.0,84949.0
27512.0,75341.0
27514.0,69450.0
27516.0,68714.0
27518.0,72367.0
27520.0,79086.0
27522.0,87758.0
27524.0,94932.0
27526.0,96800.0
27528.0,92658.0
27530.0,84470.0
27532.0,74837.0
27534.0,68979.0
27536.0,68197.0
27538.0,71926.0
27540.0,78784.0
27542.0,87574.0
27544.0,94829.0
27546.0,96698.0
27548.0,92436.0
27550.0,84082.0
27552.0,74363.0
27554.0,68500.0
27556.0,67803.0
27558.0,71571.0
27560.0,78473.0
27562.0,87358.0
27564.0,94680.0
27566.0,96558.0
27568.0,92207.0
27570.0,83728.0
27572.0,73899.0
27574.0,68004.0
27576.0,67334.0
27578.0,71158.0
27580.0,78113.0
27582.0,87009.0
27584.0,94310.0
27586.0,96138.0
27588.0,91782.0
27590.0,83348.0
27592.0,73580.0
27594.0,67738.0
27596.0,67114.0
27598.0,70958.0
27600.0,77887.0
27602.0,86729.0
27604.0,93963.0
27606.0,95772.0
27608.0,91468.0
27610.0,83089.0
27612.0,73349.0
27614.0,67484.0
27616.0,66811.0
27618.0,70590.0
27620.0,77465.0
27622.0,86290.0
27624.0,93560.0
27626.0,95411.0
27628.0,91098.0
27630.0,82693.0
27632.0,72946.0
27634.0,67114.0
27636.0,66439.0
27638.0,70176.0
27640.0,77044.0
27642.0,85949.0
27644.0,93211.0
27646.0,95021.0
27648.0,90681.0
27650.0,82323.0
27652.0,72687.0
27654.0,66960.0
27656.0,66346.0
27658.0,70127.0
27660.0,76951.0
27662.0,85686.0
27664.0,92867.0
27666.0,94668.0
27668.0,90411.0
27670.0,82128.0
27672.0,72481.0
27674.0,66703.0
27676.0,66094.0
27678.0,69868.0
27680.0,76669.0
27682.0,85377.0
27684.0,92543.0
27686.0,94354.0
27688.0,90111.0
27690.0,81800.0
27692.0,72014.0
27694.0,66090.0
27696.0,65529.0
27698.0,69392.0
27700.0,76282.0
27702.0,85072.0
27704.0,92303.0
27706.0,94159.0
27708.0,90077.0
27710.0,82003.0
27712.0,72354.0
27714.0,66180.0
27716.0,65433.0
27718.0,69209.0
27720.0,76010.0
27722.0,84719.0
27724.0,91915.0
27726.0,93766.0
27728.0,89679.0
27730.0,81599.0
27732.0,71918.0
27734.0,65832.0
27736.0,65136.0
27738.0,68928.0
27740.0,75749.0
27742.0,84431.0
27744.0,91704.0
27746.0,93633.0
27748.0,89515.0
27750.0,81382.0
27752.0,71719.0
27754.0,65774.0
27756.0,65101.0
27758.0,68820.0
27760.0,75546.0
27762.0,84179.0
27764.0,91279.0
27766.0,93077.0
27768.0,88919.0
27770.0,80808.0
27772.0,71250.0
27774.0,65462.0
27776.0,64883.0
27778.0,68639.0
27780.0,75364.0
27782.0,83937.0
27784.0,90976.0
27786.0,92713.0
27788.0,88508.0
27790.0,80379.0
27792.0,70863.0
27794.0,65178.0
27796.0,64643.0
27798.0,68405.0
27800.0,75108.0
27802.0,83659.0
27804.0,90671.0
27806.0,92388.0
27808.0,88101.0
27810.0,79911.0
27812.0,70465.0
27814.0,64894.0
27816.0,64368.0
27818.0,68122.0
27820.0,74823.0
27822.0,83347.0
27824.0,90343.0
27826.0,92063.0
27828.0,87809.0
27830.0,79649.0
27832.0,70236.0
27834.0,64678.0
27836.0,64143.0
27838.0,67864.0
27840.0,74524.0
27842.0,83011.0
27844.0,89938.0
27846.0,91643.0
27848.0,87514.0
27850.0,79440.0
27852.0,70034.0
27854.0,64438.0
27856.0,63899.0
27858.0,67573.0
27860.0,74116.0
27862.0,82465.0
27864.0,89334.0
27866.0,91054.0
27868.0,87051.0
27870.0,79243.0
27872.0,69975.0
27874.0,64329.0
27876.0,63754.0
27878.0,67378.0
27880.0,73887.0
27882.0,82203.0
27884.0,89048.0
27886.0,90769.0
27888.0,86830.0
27890.0,79154.0
27892.0,69986.0
27894.0,64233.0
27896.0,63637.0
27898.0,67229.0
27900.0,73661.0
27902.0,81904.0
27904.0,88680.0
27906.0,90385.0
27908.0,86473.0
27910.0,78804.0
27912.0,69633.0
27914.0,63980.0
27916.0,63418.0
27918.0,67000.0
27920.0,73395.0
27922.0,81576.0
27924.0,88329.0
27926.0,90034.0
27928.0,86094.0
27930.0,78438.0
27932.0,69388.0
27934.0,63916.0
27936.0,63358.0
27938.0,66862.0
27940.0,73151.0
27942.0,81209.0
27944.0,87861.0
27946.0,85431.0
27948.0,72376.0
27950.0,70293.0
27952.0,69703.0
27954.0,67369.0
27956.0,64833.0
27958.0,62959.0
27960.0,62066.0
27962.0,62063.0
27964.0,63470.0
27966.0,65938.0
27968.0,68167.0
27970.0,69243.0
27972.0,68901.0
27974.0,66711.0
27976.0,64231.0
27978.0,62359.0
27980.0,61433.0
27982.0,61389.0
27984.0,62790.0
27986.0,65314.0
27988.0,67613.0
27990.0,68734.0
27992.0,68419.0
27994.0,66242.0
27996.0,63811.0
27998.0,62026.0
28000.0,61200.0
28002.0,61255.0
28004.0,62674.0
28006.0,65141.0
28008.0,67328.0
28010.0,67434.0
28012.0,62039.0
28014.0,47215.0
28016.0,25930.0
28018.0,5437.0
28020.0,-3531.0
28022.0,-6165.0
28024.0,-7367.0
28026.0,-8839.0
28028.0,-10967.0
28030.0,-13184.0
28032.0,-15043.0
28034.0,-15343.0
28036.0,-14286.0
28038.0,-12642.0
28040.0,-10661.0
28042.0,-8608.0
28044.0,-7352.0
28046.0,-7615.0
28048.0,-8975.0
28050.0,-10646.0
28052.0,-12000.0
28054.0,-11868.0
28056.0,-10459.0
28058.0,-8477.0
28060.0,-6454.0
28062.0,-4526.0
28064.0,-3431.0
28066.0,-3822.0
28068.0,-5341.0
28070.0,-7275.0
28072.0,-9159.0
28074.0,-9797.0
28076.0,-9575.0
28078.0,-8819.0
28080.0,-7919.0
28082.0,-7256.0
28084.0,-7386.0
28086.0,-8781.0
28088.0,-11107.0
28090.0,-13588.0
28092.0,-15660.0
28094.0,-16156.0
28096.0,-15389.0
28098.0,-13985.0
28100.0,-12320.0
28102.0,-10683.0
28104.0,-10111.0
28106.0,-11143.0
28108.0,-13132.0
28110.0,-15291.0
28112.0,-17024.0
28114.0,-17186.0
28116.0,-16055.0
28118.0,-14210.0
28120.0,-12391.0
28122.0,-10852.0
28124.0,-10218.0
28126.0,-11052.0
28128.0,-12816.0
28130.0,-14584.0
28132.0,-15909.0
28134.0,-16055.0
28136.0,-15177.0
28138.0,-13301.0
28140.0,-10852.0
28142.0,-8620.0
28144.0,-7464.0
28146.0,-7994.0
28148.0,-9777.0
28150.0,-11622.0
28152.0,-12970.0
28154.0,-12941.0
28156.0,-11757.0
28158.0,-10122.0
28160.0,-8582.0
28162.0,-7319.0
28164.0,-6849.0
28166.0,-7599.0
28168.0,-9246.0
28170.0,-11162.0
28172.0,-12694.0
28174.0,-13166.0
28176.0,-13270.0
28178.0,-13232.0
28180.0,-13017.0
28182.0,-12895.0
28184.0,-14082.0
28186.0,-17124.0
28188.0,-21113.0
28190.0,-23929.0
28192.0,-25267.0
28194.0,-24332.0
28196.0,-22384.0
28198.0,-20207.0
28200.0,-17991.0
28202.0,-15908.0
28204.0,-14964.0
28206.0,-16122.0
28208.0,-18217.0
28210.0,-21262.0
28212.0,-25084.0
28214.0,-26721.0
28216.0,-25386.0
28218.0,-22709.0
28220.0,-20653.0
28222.0,-19424.0
28224.0,-19990.0
28226.0,-22012.0
28228.0,-25703.0
28230.0,-30183.0
28232.0,-33877.0
28234.0,-34011.0
28236.0,-31659.0
28238.0,-28058.0
28240.0,-24092.0
28242.0,-20577.0
28244.0,-20110.0
28246.0,-24347.0
28248.0,-31992.0
28250.0,-40721.0
28252.0,-48573.0
28254.0,-50884.0
28256.0,-48035.0
28258.0,-41578.0
28260.0,-33288.0
28262.0,-24403.0
28264.0,-18924.0
28266.0,-21199.0
28268.0,-31164.0
28270.0,-45866.0
28272.0,-61829.0
28274.0,-69605.0
28276.0,-67979.0
28278.0,-59392.0
28280.0,-46124.0
28282.0,-29976.0
28284.0,-17544.0
28286.0,-15973.0
28288.0,-25499.0
28290.0,-41437.0
28292.0,-59214.0
28294.0,-68637.0
28296.0,-67749.0
28298.0,-59242.0
28300.0,-45965.0
28302.0,-29865.0
28304.0,-17454.0
28306.0,-15756.0
28308.0,-25141.0
28310.0,-41005.0
28312.0,-58755.0
28314.0,-68184.0
28316.0,-67381.0
28318.0,-58960.0
28320.0,-45784.0
28322.0,-29799.0
28324.0,-17409.0
28326.0,-15606.0
28328.0,-24842.0
28330.0,-40559.0
28332.0,-58241.0
28334.0,-67842.0
28336.0,-67293.0
28338.0,-59089.0
28340.0,-46025.0
28342.0,-30053.0
28344.0,-17530.0
28346.0,-15491.0
28348.0,-24436.0
28350.0,-39906.0
28352.0,-57494.0
28354.0,-67435.0
28356.0,-68955.0
28358.0,-65667.0
28360.0,-59314.0
28362.0,-50809.0
28364.0,-43354.0
28366.0,-40834.0
28368.0,-44241.0
28370.0,-51787.0
28372.0,-61231.0
28374.0,-67547.0
28376.0,-68659.0
28378.0,-65378.0
28380.0,-58996.0
28382.0,-50585.0
28384.0,-43187.0
28386.0,-40662.0
28388.0,-44057.0
28390.0,-51575.0
28392.0,-60969.0
28394.0,-67257.0
28396.0,-68374.0
28398.0,-65114.0
28400.0,-58761.0
28402.0,-50388.0
28404.0,-42993.0
28406.0,-40469.0
28408.0,-43826.0
28410.0,-51304.0
28412.0,-60674.0
28414.0,-66978.0
28416.0,-68058.0
28418.0,-64786.0
28420.0,-58456.0
28422.0,-50131.0
28424.0,-42804.0
28426.0,-40319.0
28428.0,-43644.0
28430.0,-50991.0
28432.0,-60244.0
28434.0,-66566.0
28436.0,-67677.0
28438.0,-64433.0
28440.0,-58140.0
28442.0,-49878.0
28444.0,-42622.0
28446.0,-40150.0
28448.0,-43437.0
28450.0,-50707.0
28452.0,-59788.0
28454.0,-65931.0
28456.0,-66992.0
28458.0,-63867.0
28460.0,-57803.0
28462.0,-49841.0
28464.0,-42768.0
28466.0,-40310.0
28468.0,-43530.0
28470.0,-50669.0
28472.0,-59641.0
28474.0,-65697.0
28476.0,-66748.0
28478.0,-63611.0
28480.0,-57517.0
28482.0,-49494.0
28484.0,-42442.0
28486.0,-40071.0
28488.0,-43306.0
28490.0,-50427.0
28492.0,-59388.0
28494.0,-65462.0
28496.0,-66506.0
28498.0,-63379.0
28500.0,-57309.0
28502.0,-49292.0
28504.0,-42234.0
28506.0,-39842.0
28508.0,-43118.0
28510.0,-50354.0
28512.0,-59369.0
28514.0,-65347.0
28516.0,-66374.0
28518.0,-63225.0
28520.0,-57083.0
28522.0,-48904.0
28524.0,-41611.0
28526.0,-39072.0
28528.0,-42449.0
28530.0,-49956.0
28532.0,-59309.0
28534.0,-65521.0
28536.0,-66691.0
28538.0,-63534.0
28540.0,-57515.0
28542.0,-58970.0
28544.0,-67224.0
28546.0,-65871.0
28548.0,-63561.0
28550.0,-62416.0
28552.0,-62764.0
28554.0,-65012.0
28556.0,-67594.0
28558.0,-69530.0
28560.0,-70426.0
28562.0,-70350.0
28564.0,-68801.0
28566.0,-66081.0
28568.0,-63583.0
28570.0,-62371.0
28572.0,-62714.0
28574.0,-65018.0
28576.0,-67669.0
28578.0,-69637.0
28580.0,-70486.0
28582.0,-70294.0
28584.0,-68577.0
28586.0,-65694.0
28588.0,-63095.0
28590.0,-61901.0
28592.0,-62331.0
28594.0,-64751.0
28596.0,-67491.0
28598.0,-69485.0
28600.0,-70327.0
28602.0,-70079.0
28604.0,-68311.0
28606.0,-65382.0
28608.0,-62755.0
28610.0,-61590.0
28612.0,-62087.0
28614.0,-64573.0
28616.0,-67367.0
28618.0,-68854.0
28620.0,-56837.0
28622.0,-32092.0
28624.0,-22405.0
28626.0,-20996.0
28628.0,-20194.0
28630.0,-20588.0
28632.0,-21434.0
28634.0,-20446.0
28636.0,-16882.0
28638.0,-10672.0
28640.0,-3062.0
28642.0,4112.0
28644.0,9423.0
28646.0,12648.0
28648.0,15078.0
28650.0,16871.0
28652.0,18075.0
28654.0,20792.0
28656.0,24659.0
28658.0,28841.0
28660.0,32934.0
28662.0,36693.0
28664.0,38806.0
28666.0,37820.0
28668.0,34681.0
28670.0,32270.0
28672.0,31096.0
28674.0,32011.0
28676.0,34238.0
28678.0,36678.0
28680.0,39028.0
28682.0,41315.0
28684.0,42272.0
28686.0,41082.0
28688.0,46375.0
28690.0,273140.0
28692.0,416778.0
28694.0,714276.0
28696.0,889402.0
28698.0,899974.0
28700.0,903964.0
28702.0,906166.0
28704.0,907676.0
28706.0,908805.0
28708.0,909625.0
28710.0,910271.0
28712.0,910724.0
28714.0,910597.0
28716.0,909707.0
28718.0,908330.0
28720.0,907410.0
28722.0,906409.0
28724.0,904866.0
28726.0,902673.0
28728.0,900553.0
28730.0,898815.0
28732.0,897877.0
28734.0,897422.0
28736.0,897308.0
28738.0,897356.0
28740.0,897168.0
28742.0,896737.0
28744.0,896271.0
28746.0,895375.0
28748.0,894052.0
28750.0,892853.0
28752.0,892161.0
28754.0,891537.0
28756.0,890497.0
28758.0,889086.0
28760.0,887811.0
28762.0,887718.0
28764.0,887488.0
28766.0,886537.0
28768.0,884681.0
28770.0,882570.0
28772.0,881201.0
28774.0,879700.0
28776.0,877459.0
28778.0,874886.0
28780.0,873149.0
28782.0,871292.0
28784.0,869413.0
28786.0,867503.0
28788.0,865374.0
28790.0,862954.0
28792.0,860119.0
28794.0,858165.0
28796.0,857021.0
28798.0,729655.0
28800.0,445629.0
28802.0,393431.0
28804.0,355023.0
28806.0,321796.0
28808.0,344370.0
28810.0,358397.0
28812.0,333290.0
28814.0,341563.0
28816.0,368389.0
28818.0,216361.0
28820.0,24794.0
28822.0,-929.0
28824.0,-1069.0
28826.0,-1086.0
28828.0,-1089.0
28830.0,-1072.0
28832.0,-1058.0
28834.0,-1062.0
28836.0,-1066.0
28838.0,-1066.0
28840.0,-1067.0
28842.0,-1075.0
28844.0,-1082.0
28846.0,-1076.0
28848.0,-1064.0
28850.0,-1065.0
28852.0,-1068.0
28854.0,-1070.0
28856.0,-1072.0
28858.0,-1081.0
28860.0,-1083.0
28862.0,-1087.0
28864.0,-1089.0
28866.0,-1087.0
28868.0,-1087.0
28870.0,-1090.0
28872.0,-1092.0
28874.0,-1084.0
28876.0,-1081.0
28878.0,-1087.0
28880.0,-1090.0
28882.0,-1090.0
28884.0,-1091.0
28886.0,-1089.0
28888.0,-1086.0
28890.0,-1091.0
28892.0,-1087.0
28894.0,-1082.0
28896.0,-1086.0
28898.0,-1086.0
28900.0,-1084.0
28902.0,-1084.0
28904.0,-1087.0
28906.0,-1086.0
28908.0,-1082.0
28910.0,-1082.0
28912.0,-1086.0
28914.0,-1092.0
28916.0,-1097.0
28918.0,-1101.0
28920.0,-1104.0
28922.0,-1098.0
28924.0,-1098.0
28926.0,-1100.0
28928.0,-1102.0
28930.0,-1102.0
28932.0,-1105.0
28934.0,-1101.0
28936.0,-1092.0
28938.0,-1094.0
28940.0,-1101.0
28942.0,-1095.0
28944.0,-1086.0
28946.0,-1085.0
28948.0,-1086.0
28950.0,-1081.0
28952.0,-1072.0
28954.0,-1061.0
28956.0,-1057.0
28958.0,-1055.0
28960.0,-1041.0
28962.0,-1031.0
28964.0,-1027.0
28966.0,-1019.0
28968.0,-997.0
28970.0,-981.0
28972.0,-995.0
28974.0,-1034.0
28976.0,-1062.0
28978.0,-1069.0
28980.0,-1074.0
28982.0,-1092.0
28984.0,-1098.0
28986.0,-1091.0
28988.0,-1097.0
28990.0,-1105.0
28992.0,-1112.0
28994.0,-1112.0
28996.0,-1110.0
28998.0,-1111.0
29000.0,-1112.0
29002.0,-1115.0
29004.0,-1119.0
29006.0,-1119.0
29008.0,-1119.0
29010.0,-1119.0
29012.0,-1121.0
29014.0,-1121.0
29016.0,-1116.0
29018.0,-1121.0
29020.0,-1124.0
29022.0,-1123.0
29024.0,-1121.0
29026.0,-1121.0
29028.0,-1122.0
29030.0,-1121.0
29032.0,-1122.0
29034.0,-1125.0
29036.0,-1126.0
29038.0,-1129.0
29040.0,-1127.0
29042.0,-1126.0
29044.0,-1126.0
29046.0,-1127.0
29048.0,-1123.0
29050.0,-1123.0
29052.0,-1125.0
29054.0,-1124.0
29056.0,-1122.0
29058.0,-1123.0
29060.0,-1125.0
29062.0,-1129.0
29064.0,-1131.0
29066.0,-1130.0
29068.0,-1127.0
29070.0,-1128.0
29072.0,-1130.0
29074.0,-1129.0
29076.0,-1131.0
29078.0,-1132.0
29080.0,-1137.0
29082.0,-1133.0
29084.0,-1134.0
29086.0,-1136.0
29088.0,-1137.0
29090.0,-1136.0
29092.0,-1134.0
29094.0,-1129.0
29096.0,-1132.0
29098.0,-1141.0
29100.0,-1142.0
29102.0,-1142.0
29104.0,-1141.0
29106.0,-1142.0
29108.0,-1144.0
29110.0,-1137.0
29112.0,-1136.0
29114.0,-1144.0
29116.0,-1150.0
29118.0,-1145.0
29120.0,-1144.0
29122.0,-1142.0
29124.0,-1144.0
29126.0,-1146.0
29128.0,-1142.0
29130.0,-1142.0
29132.0,-1141.0
29134.0,-1141.0
29136.0,-1144.0
29138.0,-1143.0
29140.0,-1147.0
29142.0,-1147.0
29144.0,-1147.0
29146.0,-1146.0
29148.0,-1143.0
29150.0,-1142.0
29152.0,-1144.0
29154.0,-1149.0
29156.0,-1146.0
29158.0,-1146.0
29160.0,-1146.0
29162.0,-1144.0
29164.0,-1144.0
29166.0,-1148.0
29168.0,-1141.0
29170.0,-1141.0
29172.0,-1145.0
29174.0,-1144.0
29176.0,-1144.0
29178.0,-1144.0
29180.0,-1145.0
29182.0,-1146.0
29184.0,-1142.0
29186.0,-1148.0
29188.0,-1146.0
29190.0,-1143.0
29192.0,-1144.0
29194.0,-1142.0
29196.0,-1145.0
29198.0,-1151.0
29200.0,-1149.0
29202.0,-1144.0
29204.0,-1147.0
29206.0,-1149.0
29208.0,-1147.0
29210.0,-1144.0
29212.0,-1145.0
29214.0,-1146.0
29216.0,-1150.0
29218.0,-1151.0
29220.0,-1151.0
29222.0,-1151.0
29224.0,-1147.0
29226.0,-1152.0
29228.0,-1152.0
29230.0,-1143.0
29232.0,-1147.0
29234.0,-1151.0
29236.0,-1148.0
29238.0,-1147.0
29240.0,-1146.0
29242.0,-1147.0
29244.0,-1146.0
29246.0,-1147.0
29248.0,-1147.0
29250.0,-1147.0
29252.0,-1146.0
29254.0,-1150.0
29256.0,-1153.0
29258.0,-1153.0
29260.0,-1151.0
29262.0,-1148.0
29264.0,-1147.0
29266.0,-1149.0
29268.0,-1151.0
29270.0,-1151.0
29272.0,-1147.0
29274.0,-1147.0
29276.0,-1151.0
29278.0,-1153.0
29280.0,-1149.0
29282.0,-1151.0
29284.0,-1152.0
29286.0,-1156.0
29288.0,-1151.0
29290.0,-1152.0
29292.0,-1155.0
29294.0,-1154.0
29296.0,-1153.0
29298.0,-1152.0
29300.0,-1152.0
29302.0,-1157.0
29304.0,-1156.0
29306.0,-1156.0
29308.0,-1152.0
29310.0,-1155.0
29312.0,-1156.0
29314.0,-1150.0
29316.0,-1154.0
29318.0,-1154.0
29320.0,-1154.0
29322.0,-1156.0
29324.0,-1152.0
29326.0,-1150.0
29328.0,-1149.0
29330.0,-1149.0
29332.0,-1156.0
29334.0,-1151.0
29336.0,-1152.0
29338.0,-1154.0
29340.0,-1151.0
29342.0,-1152.0
29344.0,-1157.0
29346.0,-1156.0
29348.0,-1157.0
29350.0,-1157.0
29352.0,-1154.0
29354.0,-1151.0
29356.0,-1154.0
29358.0,-1154.0
29360.0,-1148.0
29362.0,-1151.0
29364.0,-1156.0
29366.0,-1154.0
29368.0,-1149.0
29370.0,-1152.0
29372.0,-1152.0
29374.0,-1154.0
29376.0,-1154.0
29378.0,-1152.0
29380.0,-1152.0
29382.0,-1156.0
29384.0,-1153.0
29386.0,-1154.0
29388.0,-1159.0
29390.0,-1154.0
29392.0,-1149.0
29394.0,-1154.0
29396.0,-1154.0
29398.0,-1154.0
29400.0,-1154.0
29402.0,-1151.0
29404.0,-1155.0
29406.0,-1154.0
29408.0,-1152.0
29410.0,-1149.0
29412.0,-1152.0
29414.0,-1149.0
29416.0,-1152.0
29418.0,-1156.0
29420.0,-1158.0
29422.0,-1154.0
29424.0,-1152.0
29426.0,-1151.0
29428.0,-1152.0
29430.0,-1157.0
29432.0,-1152.0
29434.0,-1154.0
29436.0,-1151.0
29438.0,-1152.0
29440.0,-1155.0
29442.0,-1153.0
29444.0,-1154.0
29446.0,-1152.0
29448.0,-1150.0
29450.0,-1153.0
29452.0,-1153.0
29454.0,-1154.0
29456.0,-1158.0
29458.0,-1157.0
29460.0,-1154.0
29462.0,-1156.0
29464.0,-1156.0
29466.0,-1160.0
29468.0,-1153.0
29470.0,-1152.0
29472.0,-1154.0
29474.0,-1153.0
29476.0,-1154.0
29478.0,-1154.0
29480.0,-1157.0
29482.0,-1156.0
29484.0,-1159.0
29486.0,-1157.0
29488.0,-1157.0
29490.0,-1161.0
29492.0,-1162.0
29494.0,-1161.0
29496.0,-1166.0
29498.0,-1177.0
29500.0,-1185.0
29502.0,-1196.0
29504.0,-1206.0
29506.0,-1202.0
29508.0,-1184.0
29510.0,-1162.0
29512.0,-15783.0
29514.0,-254784.0
29516.0,-585384.0
29518.0,-379464.0
29520.0,-61907.0
29522.0,-29185.0
29524.0,-23532.0
29526.0,-20204.0
29528.0,-17613.0
29530.0,-15484.0
29532.0,-13759.0
29534.0,-12279.0
29536.0,-11003.0
29538.0,-9813.0
29540.0,-8783.0
29542.0,-7951.0
29544.0,-7250.0
29546.0,-6629.0
29548.0,-6201.0
29550.0,-5959.0
29552.0,-5814.0
29554.0,-5719.0
29556.0,-5664.0
29558.0,-5682.0
29560.0,-5856.0
29562.0,-6357.0
29564.0,-7590.0
29566.0,-9972.0
29568.0,-12538.0
29570.0,-12395.0
29572.0,-9062.0
29574.0,-1819.0
29576.0,4764.0
29578.0,11364.0
29580.0,23917.0
29582.0,40663.0
29584.0,56158.0
29586.0,61866.0
29588.0,55161.0
29590.0,40018.0
29592.0,20666.0
29594.0,7006.0
29596.0,3679.0
29598.0,6214.0
29600.0,12468.0
29602.0,21306.0
29604.0,30114.0
29606.0,34442.0
29608.0,32259.0
29610.0,24973.0
29612.0,14736.0
29614.0,6393.0
29616.0,3679.0
29618.0,5969.0
29620.0,12016.0
29622.0,20699.0
29624.0,29496.0
29626.0,33946.0
29628.0,31931.0
29630.0,24746.0
29632.0,14571.0
29634.0,6248.0
29636.0,3494.0
29638.0,5701.0
29640.0,11629.0
29642.0,20071.0
29644.0,28561.0
29646.0,32846.0
29648.0,30917.0
29650.0,24080.0
29652.0,14408.0
29654.0,6437.0
29656.0,3736.0
29658.0,5777.0
29660.0,11443.0
29662.0,19613.0
29664.0,27977.0
29666.0,32363.0
29668.0,30645.0
29670.0,23966.0
29672.0,14316.0
29674.0,6221.0
29676.0,3363.0
29678.0,5379.0
29680.0,11170.0
29682.0,19589.0
29684.0,28224.0
29686.0,32741.0
29688.0,30990.0
29690.0,24141.0
29692.0,14266.0
29694.0,6016.0
29696.0,3129.0
29698.0,5131.0
29700.0,11050.0
29702.0,19618.0
29704.0,28332.0
29706.0,32858.0
29708.0,31011.0
29710.0,24026.0
29712.0,14036.0
29714.0,5768.0
29716.0,2937.0
29718.0,5043.0
29720.0,10928.0
29722.0,19439.0
29724.0,28123.0
29726.0,32642.0
29728.0,30824.0
29730.0,23879.0
29732.0,13940.0
29734.0,5718.0
29736.0,2929.0
29738.0,5044.0
29740.0,10937.0
29742.0,19456.0
29744.0,28156.0
29746.0,32681.0
29748.0,30846.0
29750.0,23882.0
29752.0,13918.0
29754.0,5610.0
29756.0,2788.0
29758.0,4953.0
29760.0,10897.0
29762.0,19477.0
29764.0,28236.0
29766.0,32771.0
29768.0,30881.0
29770.0,23846.0
29772.0,13785.0
29774.0,5396.0
29776.0,2586.0
29778.0,4843.0
29780.0,10919.0
29782.0,19599.0
29784.0,28409.0
29786.0,32924.0
29788.0,30913.0
29790.0,23678.0
29792.0,13500.0
29794.0,5223.0
29796.0,2509.0
29798.0,4814.0
29800.0,10881.0
29802.0,19592.0
29804.0,28511.0
29806.0,33022.0
29808.0,30939.0
29810.0,23586.0
29812.0,13316.0
29814.0,5070.0
29816.0,2448.0
29818.0,4822.0
29820.0,10971.0
29822.0,19673.0
29824.0,28471.0
29826.0,32900.0
29828.0,30751.0
29830.0,23388.0
29832.0,13232.0
29834.0,5184.0
29836.0,2641.0
29838.0,4968.0
29840.0,11031.0
29842.0,19639.0
29844.0,28362.0
29846.0,32785.0
29848.0,30698.0
29850.0,23483.0
29852.0,13569.0
29854.0,5701.0
29856.0,3149.0
29858.0,5315.0
29860.0,11172.0
29862.0,19598.0
29864.0,28199.0
29866.0,32606.0
29868.0,30604.0
29870.0,23510.0
29872.0,13619.0
29874.0,5685.0
29876.0,3063.0
29878.0,5161.0
29880.0,10933.0
29882.0,19276.0
29884.0,27899.0
29886.0,34705.0
29888.0,44768.0
29890.0,36427.0
29892.0,17899.0
29894.0,4953.0
29896.0,2659.0
29898.0,8663.0
29900.0,20404.0
29902.0,27161.0
29904.0,16013.0
29906.0,17351.0
29908.0,17371.0
29910.0,15693.0
29912.0,14952.0
29914.0,15533.0
29916.0,15178.0
29918.0,13323.0
29920.0,12089.0
29922.0,12807.0
29924.0,10271.0
29926.0,8521.0
29928.0,7211.0
29930.0,6145.0
29932.0,5057.0
29934.0,97848.0
29936.0,619651.0
29938.0,803569.0
29940.0,806242.0
29942.0,808394.0
29944.0,810380.0
29946.0,812216.0
29948.0,813985.0
29950.0,815623.0
29952.0,817212.0
29954.0,818670.0
29956.0,820048.0
29958.0,821274.0
29960.0,822438.0
29962.0,823568.0
29964.0,824868.0
29966.0,826284.0
29968.0,827621.0
29970.0,828859.0
29972.0,830009.0
29974.0,831052.0
29976.0,832111.0
29978.0,833162.0
29980.0,834180.0
29982.0,835166.0
29984.0,835952.0
29986.0,836784.0
29988.0,837786.0
29990.0,838660.0
29992.0,839508.0
29994.0,840272.0
29996.0,840961.0
29998.0,841701.0
30000.0,842506.0
30002.0,843273.0
30004.0,844020.0
30006.0,844722.0
30008.0,845247.0
30010.0,845761.0
30012.0,846349.0
30014.0,846974.0
30016.0,847678.0
30018.0,848391.0
30020.0,849126.0
30022.0,849831.0
30024.0,850558.0
30026.0,851312.0
30028.0,851963.0
30030.0,844066.0
30032.0,500423.0
30034.0,41715.0
30036.0,19909.0
30038.0,9490.0
30040.0,99651.0
30042.0,550014.0
30044.0,699399.0
30046.0,369386.0
30048.0,23908.0
30050.0,4511.0
30052.0,2154.0
30054.0,-219.0
30056.0,-903.0
30058.0,-996.0
30060.0,-1029.0
30062.0,-1049.0
30064.0,-1060.0
30066.0,-1069.0
30068.0,-1074.0
30070.0,-1074.0
30072.0,-1077.0
30074.0,-1080.0
30076.0,-1076.0
30078.0,-1080.0
30080.0,-1082.0
30082.0,-1081.0
30084.0,-1086.0
30086.0,-1088.0
30088.0,-1088.0
30090.0,-1086.0
30092.0,-1088.0
30094.0,-1092.0
30096.0,-1088.0
30098.0,-1089.0
30100.0,-1091.0
30102.0,-1085.0
30104.0,-1088.0
30106.0,-1091.0
30108.0,-1091.0
30110.0,-1093.0
30112.0,-1097.0
30114.0,-1101.0
30116.0,-1104.0
30118.0,-1106.0
30120.0,-1101.0
30122.0,-1096.0
30124.0,-1097.0
30126.0,-1093.0
30128.0,-1091.0
30130.0,-1089.0
30132.0,-1080.0
30134.0,-1083.0
30136.0,-1092.0
30138.0,-1092.0
30140.0,-1088.0
30142.0,-1089.0
30144.0,-1092.0
30146.0,-1091.0
30148.0,-1093.0
30150.0,-1091.0
30152.0,-1091.0
30154.0,-1096.0
30156.0,-1096.0
30158.0,-1099.0
30160.0,-1096.0
30162.0,-1097.0
30164.0,-1101.0
30166.0,-1106.0
30168.0,-1107.0
30170.0,-1105.0
30172.0,-1109.0
30174.0,-1112.0
30176.0,-1116.0
30178.0,-1116.0
30180.0,-1119.0
30182.0,-1121.0
30184.0,-1124.0
30186.0,-1123.0
30188.0,-1125.0
30190.0,-1124.0
30192.0,-1126.0
30194.0,-1127.0
30196.0,-1127.0
30198.0,-1131.0
30200.0,-1128.0
30202.0,-1128.0
30204.0,-1127.0
30206.0,-1127.0
30208.0,-1128.0
30210.0,-1129.0
30212.0,-1129.0
30214.0,-1131.0
30216.0,-1130.0
30218.0,-1129.0
30220.0,-1129.0
30222.0,-1132.0
30224.0,-1134.0
30226.0,-1131.0
30228.0,-1125.0
30230.0,-1130.0
30232.0,-1132.0
30234.0,-1130.0
30236.0,-1132.0
30238.0,-1136.0
30240.0,-1135.0
30242.0,-1134.0
30244.0,-1135.0
30246.0,-1131.0
30248.0,-1130.0
30250.0,-1134.0
30252.0,-1131.0
30254.0,-1133.0
30256.0,-1131.0
30258.0,-1137.0
30260.0,-1136.0
30262.0,-1130.0
30264.0,-1134.0
30266.0,-1132.0
30268.0,-1134.0
30270.0,-1135.0
30272.0,-1134.0
30274.0,-1135.0
30276.0,-1135.0
30278.0,-1138.0
30280.0,-1142.0
30282.0,-1139.0
30284.0,-1144.0
30286.0,-1142.0
30288.0,-1144.0
30290.0,-1144.0
30292.0,-1141.0
30294.0,-1146.0
30296.0,-1150.0
30298.0,-1150.0
30300.0,-1148.0
30302.0,-1147.0
30304.0,-1150.0
30306.0,-1148.0
30308.0,-1148.0
30310.0,-1149.0
30312.0,-1147.0
30314.0,-1147.0
30316.0,-1146.0
30318.0,-1149.0
30320.0,-1152.0
30322.0,-1151.0
30324.0,-1152.0
30326.0,-1149.0
30328.0,-1154.0
30330.0,-1153.0
30332.0,-1150.0
30334.0,-1150.0
30336.0,-1151.0
30338.0,-1151.0
30340.0,-1151.0
30342.0,-1150.0
30344.0,-1150.0
30346.0,-1148.0
30348.0,-1147.0
30350.0,-1152.0
30352.0,-1151.0
30354.0,-1151.0
30356.0,-1152.0
30358.0,-1152.0
30360.0,-1152.0
30362.0,-1151.0
30364.0,-1151.0
30366.0,-1150.0
30368.0,-1151.0
30370.0,-1149.0
30372.0,-1149.0
30374.0,-1150.0
30376.0,-1150.0
30378.0,-1150.0
30380.0,-1151.0
30382.0,-1151.0
30384.0,-1151.0
30386.0,-1149.0
30388.0,-1150.0
30390.0,-1147.0
30392.0,-1149.0
30394.0,-1152.0
30396.0,-1152.0
30398.0,-1148.0
30400.0,-1149.0
30402.0,-1148.0
30404.0,-1150.0
30406.0,-1151.0
30408.0,-1151.0
30410.0,-1148.0
30412.0,-1151.0
30414.0,-1158.0
30416.0,-1154.0
30418.0,-1154.0
30420.0,-1158.0
30422.0,-1152.0
30424.0,-1150.0
30426.0,-1153.0
30428.0,-1152.0
30430.0,-1147.0
30432.0,-1151.0
30434.0,-1147.0
30436.0,-1151.0
30438.0,-1152.0
30440.0,-1156.0
30442.0,-1149.0
30444.0,-1152.0
30446.0,-1155.0
30448.0,-1152.0
30450.0,-1151.0
30452.0,-1148.0
30454.0,-1147.0
30456.0,-1149.0
30458.0,-1149.0
30460.0,-1152.0
30462.0,-1148.0
30464.0,-1149.0
30466.0,-1153.0
30468.0,-1156.0
30470.0,-1156.0
30472.0,-1151.0
30474.0,-1154.0
30476.0,-1157.0
30478.0,-1156.0
30480.0,-1152.0
30482.0,-1151.0
30484.0,-1154.0
30486.0,-1157.0
30488.0,-1151.0
30490.0,-1150.0
30492.0,-1152.0
30494.0,-1156.0
30496.0,-1151.0
30498.0,-1152.0
30500.0,-1154.0
30502.0,-1157.0
30504.0,-1154.0
30506.0,-1153.0
30508.0,-1152.0
30510.0,-1150.0
30512.0,-1153.0
30514.0,-1155.0
30516.0,-1157.0
30518.0,-1157.0
30520.0,-1155.0
30522.0,-1154.0
30524.0,-1152.0
30526.0,-1149.0
30528.0,-1151.0
30530.0,-1152.0
30532.0,-1152.0
30534.0,-1151.0
30536.0,-1151.0
30538.0,-1152.0
30540.0,-1156.0
30542.0,-1156.0
30544.0,-1150.0
30546.0,-1154.0
30548.0,-1156.0
30550.0,-1153.0
30552.0,-1151.0
30554.0,-1152.0
30556.0,-1152.0
30558.0,-1154.0
30560.0,-1152.0
30562.0,-1154.0
30564.0,-1157.0
30566.0,-1153.0
30568.0,-1151.0
30570.0,-1152.0
30572.0,-1152.0
30574.0,-1149.0
30576.0,-1153.0
30578.0,-1153.0
30580.0,-1154.0
30582.0,-1152.0
30584.0,-1151.0
30586.0,-1154.0
30588.0,-1154.0
30590.0,-1154.0
30592.0,-1152.0
30594.0,-1153.0
30596.0,-1154.0
30598.0,-1150.0
30600.0,-1153.0
30602.0,-1152.0
30604.0,-1152.0
30606.0,-1153.0
30608.0,-1158.0
30610.0,-1153.0
30612.0,-1150.0
30614.0,-1149.0
30616.0,-1152.0
30618.0,-1154.0
30620.0,-1156.0
30622.0,-1151.0
30624.0,-1149.0
30626.0,-1154.0
30628.0,-1151.0
30630.0,-1152.0
30632.0,-1154.0
30634.0,-1156.0
30636.0,-1154.0
30638.0,-1153.0
30640.0,-1152.0
30642.0,-1156.0
30644.0,-1155.0
30646.0,-1156.0
30648.0,-1152.0
30650.0,-1149.0
30652.0,-1152.0
30654.0,-1154.0
30656.0,-1152.0
30658.0,-1158.0
30660.0,-1155.0
30662.0,-1153.0
30664.0,-1154.0
30666.0,-1153.0
30668.0,-1151.0
30670.0,-1150.0
30672.0,-1151.0
30674.0,-1156.0
30676.0,-1154.0
30678.0,-1157.0
30680.0,-1155.0
30682.0,-1158.0
30684.0,-1157.0
30686.0,-1154.0
30688.0,-1154.0
30690.0,-1154.0
30692.0,-1151.0
30694.0,-1151.0
30696.0,-1151.0
30698.0,-1151.0
30700.0,-1147.0
30702.0,-1151.0
30704.0,-1153.0
30706.0,-1149.0
30708.0,-1147.0
30710.0,-1151.0
30712.0,-1151.0
30714.0,-1151.0
30716.0,-1154.0
30718.0,-1154.0
30720.0,-1154.0
30722.0,-1158.0
30724.0,-1155.0
30726.0,-1153.0
30728.0,-1152.0
30730.0,-1157.0
30732.0,-1156.0
30734.0,-1154.0
30736.0,-1156.0
30738.0,-1156.0
30740.0,-1156.0
30742.0,-1156.0
30744.0,-1154.0
30746.0,-1154.0
30748.0,-1155.0
30750.0,-1159.0
30752.0,-1160.0
30754.0,-1154.0
30756.0,-1154.0
30758.0,-1154.0
30760.0,-1152.0
30762.0,-1155.0
30764.0,-1159.0
30766.0,-1155.0
30768.0,-1154.0
30770.0,-1155.0
30772.0,-1153.0
30774.0,-1153.0
30776.0,-1152.0
30778.0,-1154.0
30780.0,-1159.0
30782.0,-1158.0
30784.0,-1157.0
30786.0,-1156.0
30788.0,-1154.0
30790.0,-1156.0
30792.0,-1154.0
30794.0,-1153.0
30796.0,-1153.0
30798.0,-1152.0
30800.0,-1149.0
30802.0,-1151.0
30804.0,-1156.0
30806.0,-1156.0
30808.0,-1157.0
30810.0,-1158.0
30812.0,-1154.0
30814.0,-1155.0
30816.0,-1160.0
30818.0,-1158.0
30820.0,-1158.0
30822.0,-1159.0
30824.0,-1160.0
30826.0,-1155.0
30828.0,-1156.0
30830.0,-1153.0
30832.0,-1154.0
30834.0,-1155.0
30836.0,-1152.0
30838.0,-1157.0
30840.0,-1156.0
30842.0,-1152.0
30844.0,-1152.0
30846.0,-1153.0
30848.0,-1152.0
30850.0,-1152.0
30852.0,-1154.0
30854.0,-1154.0
30856.0,-1156.0
30858.0,-1155.0
30860.0,-1156.0
30862.0,-1156.0
30864.0,-1156.0
30866.0,-1154.0
30868.0,-1152.0
30870.0,-1149.0
30872.0,-1152.0
30874.0,-1156.0
30876.0,-1155.0
30878.0,-1157.0
30880.0,-1158.0
30882.0,-1154.0
30884.0,-1155.0
30886.0,-1154.0
30888.0,-1154.0
30890.0,-1154.0
30892.0,-1154.0
30894.0,-1159.0
30896.0,-1155.0
30898.0,-1156.0
30900.0,-1154.0
30902.0,-1157.0
30904.0,-1159.0
30906.0,-1159.0
30908.0,-1157.0
30910.0,-1161.0
30912.0,-1158.0
30914.0,-1156.0
30916.0,-1156.0
30918.0,-1160.0
30920.0,-1159.0
30922.0,-1160.0
30924.0,-1159.0
30926.0,-1156.0
30928.0,-1151.0
30930.0,-1152.0
30932.0,-1155.0
30934.0,-1157.0
30936.0,-1161.0
30938.0,-1156.0
30940.0,-1153.0
30942.0,-1157.0
30944.0,-1159.0
30946.0,-1156.0
30948.0,-1156.0
30950.0,-1154.0
30952.0,-1156.0
30954.0,-1159.0
30956.0,-1157.0
30958.0,-1158.0
30960.0,-1154.0
30962.0,-1159.0
30964.0,-1154.0
30966.0,-1151.0
30968.0,-1154.0
30970.0,-1157.0
30972.0,-1159.0
30974.0,-1156.0
30976.0,-1157.0
30978.0,-1161.0
30980.0,-1159.0
30982.0,-1158.0
30984.0,-1156.0
30986.0,-1157.0
30988.0,-1159.0
30990.0,-1157.0
30992.0,-1155.0
30994.0,-1158.0
30996.0,-1159.0
30998.0,-1159.0
31000.0,-1160.0
31002.0,-1159.0
31004.0,-1160.0
31006.0,-1160.0
31008.0,-1159.0
31010.0,-1161.0
31012.0,-1158.0
31014.0,-1156.0
31016.0,-1156.0
31018.0,-1161.0
31020.0,-1161.0
31022.0,-1160.0
31024.0,-1161.0
31026.0,-1156.0
31028.0,-1156.0
31030.0,-1156.0
31032.0,-1153.0
31034.0,-1155.0
31036.0,-1160.0
31038.0,-1161.0
31040.0,-1162.0
31042.0,-1161.0
31044.0,-1162.0
31046.0,-1159.0
31048.0,-1153.0
31050.0,-1155.0
31052.0,-1161.0
31054.0,-1161.0
31056.0,-1159.0
31058.0,-1161.0
31060.0,-1160.0
31062.0,-1159.0
31064.0,-1164.0
31066.0,-1159.0
31068.0,-1156.0
31070.0,-1160.0
31072.0,-1159.0
31074.0,-1161.0
31076.0,-1159.0
31078.0,-1159.0
31080.0,-1158.0
31082.0,-1157.0
31084.0,-1155.0
31086.0,-1156.0
31088.0,-1160.0
31090.0,-1161.0
31092.0,-1156.0
31094.0,-1155.0
31096.0,-1152.0
31098.0,-1156.0
31100.0,-1158.0
31102.0,-1157.0
31104.0,-1157.0
31106.0,-1159.0
31108.0,-1162.0
31110.0,-1159.0
31112.0,-1160.0
31114.0,-1157.0
31116.0,-1157.0
31118.0,-1158.0
31120.0,-1159.0
31122.0,-1161.0
31124.0,-1166.0
31126.0,-1162.0
31128.0,-1159.0
31130.0,-1155.0
31132.0,-1157.0
31134.0,-1157.0
31136.0,-1157.0
31138.0,-1159.0
31140.0,-1156.0
31142.0,-1156.0
31144.0,-1153.0
31146.0,-1153.0
31148.0,-1156.0
31150.0,-1162.0
31152.0,-1159.0
31154.0,-1155.0
31156.0,-1157.0
31158.0,-1161.0
31160.0,-1161.0
31162.0,-1160.0
31164.0,-1160.0
31166.0,-1156.0
31168.0,-1159.0
31170.0,-1160.0
31172.0,-1154.0
31174.0,-1155.0
31176.0,-1155.0
31178.0,-1155.0
31180.0,-1162.0
31182.0,-1160.0
31184.0,-1160.0
31186.0,-1158.0
31188.0,-1156.0
31190.0,-1163.0
31192.0,-1157.0
31194.0,-1159.0
31196.0,-1161.0
31198.0,-1158.0
31200.0,-1158.0
31202.0,-1155.0
31204.0,-1157.0
31206.0,-1161.0
31208.0,-1160.0
31210.0,-1157.0
31212.0,-1156.0
31214.0,-1156.0
31216.0,-1156.0
31218.0,-1156.0
31220.0,-1163.0
31222.0,-1161.0
31224.0,-1159.0
31226.0,-1161.0
31228.0,-1159.0
31230.0,-1157.0
31232.0,-1157.0
31234.0,-1157.0
31236.0,-1158.0
31238.0,-1157.0
31240.0,-1154.0
31242.0,-1162.0
31244.0,-1161.0
31246.0,-1156.0
31248.0,-1156.0
31250.0,-1161.0
31252.0,-1161.0
31254.0,-1157.0
31256.0,-1155.0
31258.0,-1159.0
31260.0,-1163.0
31262.0,-1162.0
31264.0,-1163.0
31266.0,-1161.0
31268.0,-1153.0
31270.0,-1157.0
31272.0,-1161.0
31274.0,-1163.0
31276.0,-1166.0
31278.0,-1163.0
31280.0,-1161.0
31282.0,-1162.0
31284.0,-1158.0
31286.0,-1156.0
31288.0,-1160.0
31290.0,-1159.0
31292.0,-1158.0
31294.0,-1161.0
31296.0,-1164.0
31298.0,-1162.0
31300.0,-1158.0
31302.0,-1156.0
31304.0,-1159.0
31306.0,-1156.0
31308.0,-1155.0
31310.0,-1151.0
31312.0,-1156.0
31314.0,-1157.0
31316.0,-1156.0
31318.0,-1156.0
31320.0,-1157.0
31322.0,-1157.0
31324.0,-1161.0
31326.0,-1161.0
31328.0,-1160.0
31330.0,-1160.0
31332.0,-1159.0
31334.0,-1158.0
31336.0,-1156.0
31338.0,-1156.0
31340.0,-1161.0
31342.0,-1159.0
31344.0,-1158.0
31346.0,-1155.0
31348.0,-1154.0
31350.0,-1156.0
31352.0,-1161.0
31354.0,-1157.0
31356.0,-1152.0
31358.0,-1157.0
31360.0,-1157.0
31362.0,-1159.0
31364.0,-1156.0
31366.0,-1160.0
31368.0,-1156.0
31370.0,-1157.0
31372.0,-1154.0
31374.0,-1158.0
31376.0,-1153.0
31378.0,-1159.0
31380.0,-1164.0
31382.0,-1159.0
31384.0,-1157.0
31386.0,-1155.0
31388.0,-1156.0
31390.0,-1152.0
31392.0,-1159.0
31394.0,-1161.0
31396.0,-1158.0
31398.0,-1159.0
31400.0,-1156.0
31402.0,-1156.0
31404.0,-1161.0
31406.0,-1166.0
31408.0,-1162.0
31410.0,-1154.0
31412.0,-1152.0
31414.0,-1152.0
31416.0,-1155.0
31418.0,-1159.0
31420.0,-1159.0
31422.0,-1159.0
31424.0,-1163.0
31426.0,-1157.0
31428.0,-1156.0
31430.0,-1155.0
31432.0,-1157.0
31434.0,-1157.0
31436.0,-1161.0
31438.0,-1161.0
31440.0,-1157.0
31442.0,-1157.0
31444.0,-1158.0
31446.0,-1161.0
31448.0,-1161.0
31450.0,-1160.0
31452.0,-1157.0
31454.0,-1156.0
31456.0,-1159.0
31458.0,-1159.0
31460.0,-1158.0
31462.0,-1159.0
31464.0,-1161.0
31466.0,-1158.0
31468.0,-1157.0
31470.0,-1157.0
31472.0,-1159.0
31474.0,-1159.0
31476.0,-1157.0
31478.0,-1162.0
31480.0,-1161.0
31482.0,-1161.0
31484.0,-1161.0
31486.0,-1161.0
31488.0,-1159.0
31490.0,-1160.0
31492.0,-1157.0
31494.0,-1159.0
31496.0,-1159.0
31498.0,-1157.0
31500.0,-1157.0
31502.0,-1159.0
31504.0,-1157.0
31506.0,-1157.0
31508.0,-1158.0
31510.0,-1161.0
31512.0,-1162.0
31514.0,-1158.0
31516.0,-1160.0
31518.0,-1161.0
31520.0,-1159.0
31522.0,-1162.0
31524.0,-1164.0
31526.0,-1159.0
31528.0,-1161.0
31530.0,-1157.0
31532.0,-1155.0
31534.0,-1160.0
31536.0,-1159.0
31538.0,-1159.0
31540.0,-1158.0
31542.0,-1159.0
31544.0,-1162.0
31546.0,-1160.0
31548.0,-1161.0
31550.0,-1160.0
31552.0,-1159.0
31554.0,-1162.0
31556.0,-1160.0
31558.0,-1162.0
31560.0,-1163.0
31562.0,-1159.0
31564.0,-1156.0
31566.0,-1161.0
31568.0,-1166.0
31570.0,-1164.0
31572.0,-1160.0
31574.0,-1161.0
31576.0,-1157.0
31578.0,-1157.0
31580.0,-1160.0
31582.0,-1162.0
31584.0,-1161.0
31586.0,-1156.0
31588.0,-1155.0
31590.0,-1158.0
31592.0,-1159.0
31594.0,-1162.0
31596.0,-1160.0
31598.0,-1161.0
31600.0,-1160.0
31602.0,-1158.0
31604.0,-1157.0
31606.0,-1157.0
31608.0,-1157.0
31610.0,-1160.0
31612.0,-1157.0
31614.0,-1159.0
31616.0,-1161.0
31618.0,-1161.0
31620.0,-1160.0
31622.0,-1160.0
31624.0,-1157.0
31626.0,-1160.0
31628.0,-1159.0
31630.0,-1159.0
31632.0,-1157.0
31634.0,-1159.0
31636.0,-1157.0
31638.0,-1157.0
31640.0,-1161.0
31642.0,-1164.0
31644.0,-1160.0
31646.0,-1156.0
31648.0,-1159.0
31650.0,-1164.0
31652.0,-1157.0
31654.0,-1156.0
31656.0,-1157.0
31658.0,-1160.0
31660.0,-1159.0
31662.0,-1159.0
31664.0,-1155.0
31666.0,-1159.0
31668.0,-1157.0
31670.0,-1159.0
31672.0,-1159.0
31674.0,-1162.0
31676.0,-1161.0
31678.0,-1159.0
31680.0,-1157.0
31682.0,-1159.0
31684.0,-1156.0
31686.0,-1158.0
31688.0,-1162.0
31690.0,-1160.0
31692.0,-1159.0
31694.0,-1156.0
31696.0,-1154.0
31698.0,-1159.0
31700.0,-1161.0
31702.0,-1158.0
31704.0,-1161.0
31706.0,-1165.0
31708.0,-1163.0
31710.0,-1160.0
31712.0,-1156.0
31714.0,-1156.0
31716.0,-1159.0
31718.0,-1161.0
31720.0,-1159.0
31722.0,-1158.0
31724.0,-1158.0
31726.0,-1157.0
31728.0,-1162.0
31730.0,-1163.0
31732.0,-1159.0
31734.0,-1158.0
31736.0,-1158.0
31738.0,-1161.0
31740.0,-1160.0
31742.0,-1162.0
31744.0,-1160.0
31746.0,-1160.0
31748.0,-1162.0
31750.0,-1161.0
31752.0,-1160.0
31754.0,-1161.0
31756.0,-1163.0
31758.0,-1161.0
31760.0,-1160.0
31762.0,-1156.0
31764.0,-1158.0
31766.0,-1157.0
31768.0,-1157.0
31770.0,-1158.0
31772.0,-1157.0
31774.0,-1157.0
31776.0,-1161.0
31778.0,-1166.0
31780.0,-1159.0
31782.0,-1157.0
31784.0,-1160.0
31786.0,-1161.0
31788.0,-1161.0
31790.0,-1161.0
31792.0,-1159.0
31794.0,-1160.0
31796.0,-1157.0
31798.0,-1157.0
31800.0,-1159.0
31802.0,-1161.0
31804.0,-1160.0
31806.0,-1158.0
31808.0,-1159.0
31810.0,-1158.0
31812.0,-1154.0
31814.0,-1157.0
31816.0,-1161.0
31818.0,-1160.0
31820.0,-1161.0
31822.0,-1159.0
31824.0,-1159.0
31826.0,-1157.0
31828.0,-1157.0
31830.0,-1159.0
31832.0,-1159.0
31834.0,-1156.0
31836.0,-1157.0
31838.0,-1157.0
31840.0,-1156.0
31842.0,-1156.0
31844.0,-1162.0
31846.0,-1161.0
31848.0,-1157.0
31850.0,-1155.0
31852.0,-1158.0
31854.0,-1159.0
31856.0,-1157.0
31858.0,-1159.0
31860.0,-1160.0
31862.0,-1158.0
31864.0,-1159.0
31866.0,-1164.0
31868.0,-1161.0
31870.0,-1155.0
31872.0,-1158.0
31874.0,-1162.0
31876.0,-1159.0
31878.0,-1157.0
31880.0,-1156.0
31882.0,-1157.0
31884.0,-1159.0
31886.0,-1159.0
31888.0,-1161.0
31890.0,-1161.0
31892.0,-1162.0
31894.0,-1164.0
31896.0,-1166.0
31898.0,-1164.0
31900.0,-1159.0
31902.0,-1159.0
31904.0,-1159.0
31906.0,-1156.0
31908.0,-1156.0
31910.0,-1157.0
31912.0,-1155.0
31914.0,-1156.0
31916.0,-1156.0
31918.0,-1154.0
31920.0,-1157.0
31922.0,-1161.0
31924.0,-1161.0
31926.0,-1157.0
31928.0,-1153.0
31930.0,-1156.0
31932.0,-1159.0
31934.0,-1160.0
31936.0,-1157.0
31938.0,-1162.0
31940.0,-1158.0
31942.0,-1160.0
31944.0,-1164.0
31946.0,-1157.0
31948.0,-1152.0
31950.0,-1151.0
31952.0,-1152.0
31954.0,-1158.0
31956.0,-1159.0
31958.0,-1162.0
31960.0,-1163.0
31962.0,-1161.0
31964.0,-1157.0
31966.0,-1159.0
31968.0,-1156.0
31970.0,-1156.0
31972.0,-1156.0
31974.0,-1156.0
31976.0,-1159.0
31978.0,-1157.0
31980.0,-1162.0
31982.0,-1158.0
31984.0,-1159.0
31986.0,-1157.0
31988.0,-1155.0
31990.0,-1158.0
31992.0,-1158.0
31994.0,-1156.0
31996.0,-1159.0
31998.0,-1156.0
32000.0,-1159.0
32002.0,-1154.0
32004.0,-1154.0
32006.0,-1156.0
32008.0,-1156.0
32010.0,-1158.0
32012.0,-1157.0
32014.0,-1155.0
32016.0,-1153.0
32018.0,-1154.0
32020.0,-1157.0
32022.0,-1159.0
32024.0,-1160.0
32026.0,-1158.0
32028.0,-1157.0
32030.0,-1159.0
32032.0,-1161.0
32034.0,-1155.0
32036.0,-1156.0
32038.0,-1156.0
32040.0,-1161.0
32042.0,-1162.0
32044.0,-1161.0
32046.0,-1160.0
32048.0,-1157.0
32050.0,-1157.0
32052.0,-1160.0
32054.0,-1161.0
32056.0,-1154.0
32058.0,-1156.0
32060.0,-1156.0
32062.0,-1159.0
32064.0,-1161.0
32066.0,-1164.0
32068.0,-1157.0
32070.0,-1160.0
32072.0,-1158.0
32074.0,-1157.0
32076.0,-1156.0
32078.0,-1160.0
32080.0,-1160.0
32082.0,-1157.0
32084.0,-1161.0
32086.0,-1158.0
32088.0,-1157.0
32090.0,-1158.0
32092.0,-1157.0
32094.0,-1157.0
32096.0,-1161.0
32098.0,-1159.0
32100.0,-1160.0
32102.0,-1162.0
32104.0,-1157.0
32106.0,-1154.0
32108.0,-1156.0
32110.0,-1154.0
32112.0,-1156.0
32114.0,-1158.0
32116.0,-1161.0
32118.0,-1163.0
32120.0,-1160.0
32122.0,-1157.0
32124.0,-1157.0
32126.0,-1157.0
32128.0,-1155.0
32130.0,-1156.0
32132.0,-1156.0
32134.0,-1159.0
32136.0,-1161.0
32138.0,-1160.0
32140.0,-1162.0
32142.0,-1158.0
32144.0,-1152.0
32146.0,-1154.0
32148.0,-1159.0
32150.0,-1153.0
32152.0,-1157.0
32154.0,-1159.0
32156.0,-1159.0
32158.0,-1159.0
32160.0,-1162.0
32162.0,-1162.0
32164.0,-1155.0
32166.0,-1156.0
32168.0,-1157.0
32170.0,-1159.0
32172.0,-1161.0
32174.0,-1159.0
32176.0,-1154.0
32178.0,-1157.0
32180.0,-1163.0
32182.0,-1161.0
32184.0,-1161.0
32186.0,-1159.0
32188.0,-1160.0
32190.0,-1162.0
32192.0,-1158.0
32194.0,-1157.0
32196.0,-1158.0
32198.0,-1159.0
32200.0,-1159.0
32202.0,-1157.0
32204.0,-1160.0
32206.0,-1157.0
32208.0,-1154.0
32210.0,-1157.0
32212.0,-1157.0
32214.0,-1158.0
32216.0,-1159.0
32218.0,-1160.0
32220.0,-1159.0
32222.0,-1156.0
32224.0,-1157.0
32226.0,-1157.0
32228.0,-1154.0
32230.0,-1154.0
32232.0,-1156.0
32234.0,-1157.0
32236.0,-1161.0
32238.0,-1157.0
32240.0,-1157.0
32242.0,-1161.0
32244.0,-1161.0
32246.0,-1159.0
32248.0,-1159.0
32250.0,-1155.0
32252.0,-1150.0
32254.0,-1152.0
32256.0,-1151.0
32258.0,-1154.0
32260.0,-1158.0
32262.0,-1157.0
32264.0,-1157.0
32266.0,-1157.0
32268.0,-1156.0
32270.0,-1160.0
32272.0,-1155.0
32274.0,-1153.0
32276.0,-1154.0
32278.0,-1154.0
32280.0,-1157.0
32282.0,-1159.0
32284.0,-1161.0
32286.0,-1158.0
32288.0,-1155.0
32290.0,-1151.0
32292.0,-1156.0
32294.0,-1157.0
32296.0,-1158.0
32298.0,-1160.0
32300.0,-1161.0
32302.0,-1156.0
32304.0,-1154.0
32306.0,-1156.0
32308.0,-1156.0
32310.0,-1159.0
32312.0,-1159.0
32314.0,-1152.0
32316.0,-1156.0
32318.0,-1157.0
32320.0,-1155.0
32322.0,-1155.0
32324.0,-1160.0
32326.0,-1159.0
32328.0,-1157.0
32330.0,-1155.0
32332.0,-1157.0
32334.0,-1155.0
32336.0,-1154.0
32338.0,-1154.0
32340.0,-1154.0
32342.0,-1156.0
32344.0,-1159.0
32346.0,-1155.0
32348.0,-1157.0
32350.0,-1158.0
32352.0,-1156.0
32354.0,-1154.0
32356.0,-1156.0
32358.0,-1156.0
32360.0,-1159.0
32362.0,-1161.0
32364.0,-1160.0
32366.0,-1157.0
32368.0,-1157.0
32370.0,-1159.0
32372.0,-1157.0
32374.0,-1156.0
32376.0,-1156.0
32378.0,-1159.0
32380.0,-1160.0
32382.0,-1157.0
32384.0,-1159.0
32386.0,-1159.0
32388.0,-1161.0
32390.0,-1161.0
32392.0,-1162.0
32394.0,-1157.0
32396.0,-1154.0
32398.0,-1155.0
32400.0,-1159.0
32402.0,-1159.0
32404.0,-1159.0
32406.0,-1158.0
32408.0,-1157.0
32410.0,-1155.0
32412.0,-1155.0
32414.0,-1159.0
32416.0,-1159.0
32418.0,-1160.0
32420.0,-1164.0
32422.0,-1163.0
32424.0,-1161.0
32426.0,-1164.0
32428.0,-1162.0
32430.0,-1156.0
32432.0,-1151.0
32434.0,-1156.0
32436.0,-1163.0
32438.0,-1162.0
32440.0,-1159.0
32442.0,-1160.0
32444.0,-1159.0
32446.0,-1159.0
32448.0,-1161.0
32450.0,-1161.0
32452.0,-1154.0
32454.0,-1151.0
32456.0,-1153.0
32458.0,-1156.0
32460.0,-1160.0
32462.0,-1161.0
32464.0,-1154.0
32466.0,-1154.0
32468.0,-1154.0
32470.0,-1156.0
32472.0,-1159.0
32474.0,-1158.0
32476.0,-1158.0
32478.0,-1159.0
32480.0,-1161.0
32482.0,-1161.0
32484.0,-1154.0
32486.0,-1157.0
32488.0,-1162.0
32490.0,-1162.0
32492.0,-1159.0
32494.0,-1157.0
32496.0,-1153.0
32498.0,-1155.0
32500.0,-1160.0
32502.0,-1160.0
32504.0,-1157.0
32506.0,-1156.0
32508.0,-1156.0
32510.0,-1154.0
32512.0,-1154.0
32514.0,-1154.0
32516.0,-1160.0
32518.0,-1158.0
32520.0,-1161.0
32522.0,-1160.0
32524.0,-1157.0
32526.0,-1158.0
32528.0,-1159.0
32530.0,-1158.0
32532.0,-1161.0
32534.0,-1159.0
32536.0,-1153.0
32538.0,-1155.0
32540.0,-1159.0
32542.0,-1157.0
32544.0,-1160.0
32546.0,-1160.0
32548.0,-1161.0
32550.0,-1162.0
32552.0,-1161.0
32554.0,-1159.0
32556.0,-1156.0
32558.0,-1161.0
32560.0,-1161.0
32562.0,-1163.0
32564.0,-1159.0
32566.0,-1156.0
32568.0,-1158.0
32570.0,-1156.0
32572.0,-1154.0
32574.0,-1162.0
32576.0,-1157.0
32578.0,-1156.0
32580.0,-1155.0
32582.0,-1157.0
32584.0,-1164.0
32586.0,-1162.0
32588.0,-1156.0
32590.0,-1153.0
32592.0,-1157.0
32594.0,-1156.0
32596.0,-1156.0
32598.0,-1157.0
32600.0,-1157.0
32602.0,-1157.0
32604.0,-1158.0
32606.0,-1161.0
32608.0,-1156.0
32610.0,-1159.0
32612.0,-1162.0
32614.0,-1159.0
32616.0,-1161.0
32618.0,-1162.0
32620.0,-1157.0
32622.0,-1154.0
32624.0,-1162.0
32626.0,-1161.0
32628.0,-1161.0
32630.0,-1158.0
32632.0,-1157.0
32634.0,-1157.0
32636.0,-1162.0
32638.0,-1163.0
32640.0,-1162.0
32642.0,-1159.0
32644.0,-1161.0
32646.0,-1157.0
32648.0,-1153.0
32650.0,-1156.0
32652.0,-1160.0
32654.0,-1157.0
32656.0,-1157.0
32658.0,-1159.0
32660.0,-1154.0
32662.0,-1157.0
32664.0,-1161.0
32666.0,-1158.0
32668.0,-1156.0
32670.0,-1155.0
32672.0,-1152.0
32674.0,-1156.0
32676.0,-1153.0
32678.0,-1153.0
32680.0,-1158.0
32682.0,-1160.0
32684.0,-1157.0
32686.0,-1156.0
32688.0,-1157.0
32690.0,-1160.0
32692.0,-1157.0
32694.0,-1156.0
32696.0,-1156.0
32698.0,-1159.0
32700.0,-1159.0
32702.0,-1157.0
32704.0,-1156.0
32706.0,-1153.0
32708.0,-1156.0
32710.0,-1157.0
32712.0,-1155.0
32714.0,-1156.0
32716.0,-1156.0
32718.0,-1158.0
32720.0,-1154.0
32722.0,-1154.0
32724.0,-1164.0
32726.0,-1164.0
32728.0,-1157.0
32730.0,-1156.0
32732.0,-1157.0
32734.0,-1158.0
32736.0,-1156.0
32738.0,-1154.0
32740.0,-1158.0
32742.0,-1157.0
32744.0,-1156.0
32746.0,-1156.0
32748.0,-1157.0
32750.0,-1160.0
32752.0,-1161.0
32754.0,-1157.0
32756.0,-1157.0
32758.0,-1158.0
32760.0,-1161.0
32762.0,-1161.0
32764.0,-1159.0
32766.0,-1156.0
32768.0,-1157.0
32770.0,-1158.0
32772.0,-1154.0
32774.0,-1157.0
32776.0,-1159.0
32778.0,-1156.0
32780.0,-1157.0
32782.0,-1157.0
32784.0,-1159.0
32786.0,-1154.0
32788.0,-1156.0
32790.0,-1159.0
32792.0,-1155.0
32794.0,-1157.0
32796.0,-1159.0
32798.0,-1161.0
32800.0,-1162.0
32802.0,-1163.0
32804.0,-1158.0
32806.0,-1152.0
32808.0,-1156.0
32810.0,-1157.0
32812.0,-1157.0
32814.0,-1162.0
32816.0,-1159.0
32818.0,-1159.0
32820.0,-1159.0
32822.0,-1160.0
32824.0,-1159.0
32826.0,-1162.0
32828.0,-1158.0
32830.0,-1161.0
32832.0,-1161.0
32834.0,-1161.0
32836.0,-1159.0
32838.0,-1159.0
32840.0,-1155.0
32842.0,-1159.0
32844.0,-1164.0
32846.0,-1161.0
32848.0,-1158.0
32850.0,-1153.0
32852.0,-1157.0
32854.0,-1154.0
32856.0,-1157.0
32858.0,-1162.0
32860.0,-1162.0
32862.0,-1159.0
32864.0,-1160.0
32866.0,-1161.0
32868.0,-1158.0
32870.0,-1157.0
32872.0,-1157.0
32874.0,-1158.0
32876.0,-1161.0
32878.0,-1162.0
32880.0,-1161.0
32882.0,-1163.0
32884.0,-1162.0
32886.0,-1157.0
32888.0,-1159.0
32890.0,-1162.0
32892.0,-1159.0
32894.0,-1158.0
32896.0,-1161.0
32898.0,-1159.0
32900.0,-1158.0
32902.0,-1158.0
32904.0,-1160.0
32906.0,-1160.0
32908.0,-1154.0
32910.0,-1156.0
32912.0,-1157.0
32914.0,-1159.0
32916.0,-1160.0
32918.0,-1158.0
32920.0,-1159.0
32922.0,-1161.0
32924.0,-1155.0
32926.0,-1156.0
32928.0,-1157.0
32930.0,-1152.0
32932.0,-1158.0
32934.0,-1162.0
32936.0,-1159.0
32938.0,-1156.0
32940.0,-1161.0
32942.0,-1160.0
32944.0,-1160.0
32946.0,-1163.0
32948.0,-1159.0
32950.0,-1157.0
32952.0,-1158.0
32954.0,-1156.0
32956.0,-1157.0
32958.0,-1161.0
32960.0,-1154.0
32962.0,-1157.0
32964.0,-1161.0
32966.0,-1161.0
32968.0,-1157.0
32970.0,-1164.0
32972.0,-1165.0
32974.0,-1159.0
32976.0,-1157.0
32978.0,-1154.0
32980.0,-1161.0
32982.0,-1162.0
32984.0,-1162.0
32986.0,-1156.0
32988.0,-1158.0
32990.0,-1162.0
32992.0,-1161.0
32994.0,-1159.0
32996.0,-1156.0
32998.0,-1153.0
33000.0,-1161.0
33002.0,-1161.0
33004.0,-1160.0
33006.0,-1163.0
33008.0,-1155.0
33010.0,-1155.0
33012.0,-1155.0
33014.0,-1154.0
33016.0,-1159.0
33018.0,-1162.0
33020.0,-1161.0
33022.0,-1162.0
33024.0,-1161.0
33026.0,-1161.0
33028.0,-1158.0
33030.0,-1156.0
33032.0,-1159.0
33034.0,-1156.0
33036.0,-1156.0
33038.0,-1159.0
33040.0,-1161.0
33042.0,-1161.0
33044.0,-1160.0
33046.0,-1158.0
33048.0,-1159.0
33050.0,-1157.0
33052.0,-1157.0
33054.0,-1156.0
33056.0,-1154.0
33058.0,-1156.0
33060.0,-1159.0
33062.0,-1161.0
33064.0,-1161.0
33066.0,-1159.0
33068.0,-1157.0
33070.0,-1161.0
33072.0,-1164.0
33074.0,-1154.0
33076.0,-1155.0
33078.0,-1159.0
33080.0,-1157.0
33082.0,-1158.0
33084.0,-1160.0
33086.0,-1158.0
33088.0,-1155.0
33090.0,-1157.0
33092.0,-1156.0
33094.0,-1156.0
33096.0,-1158.0
33098.0,-1160.0
33100.0,-1162.0
33102.0,-1162.0
33104.0,-1159.0
33106.0,-1161.0
33108.0,-1158.0
33110.0,-1158.0
33112.0,-1157.0
33114.0,-1156.0
33116.0,-1162.0
33118.0,-1160.0
33120.0,-1156.0
33122.0,-1156.0
33124.0,-1161.0
33126.0,-1161.0
33128.0,-1160.0
33130.0,-1162.0
33132.0,-1161.0
33134.0,-1162.0
33136.0,-1159.0
33138.0,-1160.0
33140.0,-1164.0
33142.0,-1162.0
33144.0,-1162.0
33146.0,-1164.0
33148.0,-1159.0
33150.0,-1154.0
33152.0,-1157.0
33154.0,-1159.0
33156.0,-1164.0
33158.0,-1164.0
33160.0,-1163.0
33162.0,-1161.0
33164.0,-1158.0
33166.0,-1159.0
33168.0,-1154.0
33170.0,-1157.0
33172.0,-1159.0
33174.0,-1161.0
33176.0,-1160.0
33178.0,-1157.0
33180.0,-1159.0
33182.0,-1157.0
33184.0,-1156.0
33186.0,-1159.0
33188.0,-1165.0
33190.0,-1161.0
33192.0,-1158.0
33194.0,-1157.0
33196.0,-1160.0
33198.0,-1159.0
33200.0,-1164.0
33202.0,-1164.0
33204.0,-1159.0
33206.0,-1156.0
33208.0,-1161.0
33210.0,-1162.0
33212.0,-1157.0
33214.0,-1156.0
33216.0,-1158.0
33218.0,-1161.0
33220.0,-1160.0
33222.0,-1159.0
33224.0,-1161.0
33226.0,-1162.0
33228.0,-1156.0
33230.0,-1158.0
33232.0,-1161.0
33234.0,-1162.0
33236.0,-1154.0
33238.0,-1159.0
33240.0,-1163.0
33242.0,-1164.0
33244.0,-1159.0
33246.0,-1161.0
33248.0,-1159.0
33250.0,-1161.0
33252.0,-1158.0
33254.0,-1159.0
33256.0,-1159.0
33258.0,-1166.0
33260.0,-1162.0
33262.0,-1164.0
33264.0,-1161.0
33266.0,-1158.0
33268.0,-1158.0
33270.0,-1161.0
33272.0,-1161.0
33274.0,-1159.0
33276.0,-1155.0
33278.0,-1159.0
33280.0,-1161.0
33282.0,-1162.0
33284.0,-1159.0
33286.0,-1166.0
33288.0,-1161.0
33290.0,-1157.0
33292.0,-1157.0
33294.0,-1156.0
33296.0,-1160.0
33298.0,-1157.0
33300.0,-1157.0
33302.0,-1158.0
33304.0,-1159.0
33306.0,-1157.0
33308.0,-1157.0
33310.0,-1162.0
33312.0,-1160.0
33314.0,-1161.0
33316.0,-1165.0
33318.0,-1162.0
33320.0,-1157.0
33322.0,-1154.0
33324.0,-1157.0
33326.0,-1163.0
33328.0,-1159.0
33330.0,-1156.0
33332.0,-1160.0
33334.0,-1159.0
33336.0,-1160.0
33338.0,-1159.0
33340.0,-1157.0
33342.0,-1159.0
33344.0,-1161.0
33346.0,-1163.0
33348.0,-1159.0
33350.0,-1158.0
33352.0,-1156.0
33354.0,-1156.0
33356.0,-1158.0
33358.0,-1157.0
33360.0,-1153.0
33362.0,-1159.0
33364.0,-1158.0
33366.0,-1156.0
33368.0,-1155.0
33370.0,-1154.0
33372.0,-1155.0
33374.0,-1156.0
33376.0,-1157.0
33378.0,-1158.0
33380.0,-1157.0
33382.0,-1156.0
33384.0,-1159.0
33386.0,-1162.0
33388.0,-1155.0
33390.0,-1160.0
33392.0,-1152.0
33394.0,-1151.0
33396.0,-1154.0
33398.0,-1157.0
33400.0,-1162.0
33402.0,-1156.0
33404.0,-1157.0
33406.0,-1159.0
33408.0,-1163.0
33410.0,-1160.0
33412.0,-1156.0
33414.0,-1159.0
33416.0,-1158.0
33418.0,-1159.0
33420.0,-1160.0
33422.0,-1159.0
33424.0,-1157.0
33426.0,-1161.0
33428.0,-1159.0
33430.0,-1158.0
33432.0,-1162.0
33434.0,-1161.0
33436.0,-1159.0
33438.0,-1160.0
33440.0,-1159.0
33442.0,-1156.0
33444.0,-1158.0
33446.0,-1159.0
33448.0,-1157.0
33450.0,-1157.0
33452.0,-1157.0
33454.0,-1158.0
33456.0,-1163.0
33458.0,-1159.0
33460.0,-1161.0
33462.0,-1157.0
33464.0,-1163.0
33466.0,-1163.0
33468.0,-1157.0
33470.0,-1157.0
33472.0,-1157.0
33474.0,-1160.0
33476.0,-1158.0
33478.0,-1160.0
33480.0,-1159.0
33482.0,-1161.0
33484.0,-1164.0
33486.0,-1160.0
33488.0,-1156.0
33490.0,-1155.0
33492.0,-1157.0
33494.0,-1156.0
33496.0,-1163.0
33498.0,-1162.0
33500.0,-1157.0
33502.0,-1157.0
33504.0,-1162.0
33506.0,-1161.0
33508.0,-1162.0
33510.0,-1159.0
33512.0,-1154.0
33514.0,-1157.0
33516.0,-1157.0
33518.0,-1162.0
33520.0,-1164.0
33522.0,-1162.0
33524.0,-1161.0
33526.0,-1164.0
33528.0,-1161.0
33530.0,-1161.0
33532.0,-1157.0
33534.0,-1157.0
33536.0,-1157.0
33538.0,-1160.0
33540.0,-1159.0
33542.0,-1164.0
33544.0,-1166.0
33546.0,-1165.0
33548.0,-1158.0
33550.0,-1154.0
33552.0,-1156.0
33554.0,-1154.0
33556.0,-1160.0
33558.0,-1162.0
33560.0,-1154.0
33562.0,-1151.0
33564.0,-1154.0
33566.0,-1155.0
33568.0,-1161.0
33570.0,-1159.0
33572.0,-1157.0
33574.0,-1157.0
33576.0,-1162.0
33578.0,-1159.0
33580.0,-1157.0
33582.0,-1157.0
33584.0,-1159.0
33586.0,-1158.0
33588.0,-1159.0
33590.0,-1160.0
33592.0,-1159.0
33594.0,-1159.0
33596.0,-1156.0
33598.0,-1156.0
33600.0,-1160.0
33602.0,-1160.0
33604.0,-1161.0
33606.0,-1158.0
33608.0,-1157.0
33610.0,-1159.0
33612.0,-1156.0
33614.0,-1159.0
33616.0,-1161.0
33618.0,-1159.0
33620.0,-1159.0
33622.0,-1161.0
33624.0,-1159.0
33626.0,-1162.0
33628.0,-1161.0
33630.0,-1157.0
33632.0,-1156.0
33634.0,-1156.0
33636.0,-1159.0
33638.0,-1157.0
33640.0,-1154.0
33642.0,-1158.0
33644.0,-1159.0
33646.0,-1160.0
33648.0,-1159.0
33650.0,-1162.0
33652.0,-1155.0
33654.0,-1156.0
33656.0,-1156.0
33658.0,-1159.0
33660.0,-1162.0
33662.0,-1159.0
33664.0,-1159.0
33666.0,-1164.0
33668.0,-1161.0
33670.0,-1159.0
33672.0,-1157.0
33674.0,-1156.0
33676.0,-1161.0
33678.0,-1161.0
33680.0,-1160.0
33682.0,-1156.0
33684.0,-1156.0
33686.0,-1157.0
33688.0,-1158.0
33690.0,-1156.0
33692.0,-1156.0
33694.0,-1159.0
33696.0,-1162.0
33698.0,-1164.0
33700.0,-1164.0
33702.0,-1165.0
33704.0,-1159.0
33706.0,-1160.0
33708.0,-1158.0
33710.0,-1159.0
33712.0,-1157.0
33714.0,-1153.0
33716.0,-1154.0
33718.0,-1161.0
33720.0,-1165.0
33722.0,-1164.0
33724.0,-1162.0
33726.0,-1166.0
33728.0,-1165.0
33730.0,-1163.0
33732.0,-1159.0
33734.0,-1154.0
33736.0,-1163.0
33738.0,-1159.0
33740.0,-1157.0
33742.0,-1162.0
33744.0,-1165.0
33746.0,-1164.0
33748.0,-1166.0
33750.0,-1166.0
33752.0,-1163.0
33754.0,-1161.0
33756.0,-1159.0
33758.0,-1161.0
33760.0,-1165.0
33762.0,-1166.0
33764.0,-1164.0
33766.0,-1162.0
33768.0,-1158.0
33770.0,-1166.0
33772.0,-1163.0
33774.0,-1161.0
33776.0,-1164.0
33778.0,-1167.0
33780.0,-1167.0
33782.0,-1165.0
33784.0,-1167.0
33786.0,-1167.0
33788.0,-1164.0
33790.0,-1160.0
33792.0,-1156.0
33794.0,-1161.0
33796.0,-1161.0
33798.0,-1159.0
33800.0,-1158.0
33802.0,-1162.0
33804.0,-1163.0
33806.0,-1164.0
33808.0,-1164.0
33810.0,-1161.0
33812.0,-1155.0
33814.0,-1157.0
33816.0,-1160.0
33818.0,-1166.0
33820.0,-1166.0
33822.0,-1162.0
33824.0,-1156.0
33826.0,-1158.0
33828.0,-1159.0
33830.0,-1160.0
33832.0,-1156.0
33834.0,-1159.0
33836.0,-1161.0
33838.0,-1163.0
33840.0,-1161.0
33842.0,-1157.0
33844.0,-1164.0
33846.0,-1166.0
33848.0,-1163.0
33850.0,-1166.0
33852.0,-1167.0
33854.0,-1165.0
33856.0,-1168.0
33858.0,-1166.0
33860.0,-1165.0
33862.0,-1162.0
33864.0,-1169.0
33866.0,-1169.0
33868.0,-1168.0
33870.0,-1163.0
33872.0,-1169.0
33874.0,-1172.0
33876.0,-1177.0
33878.0,-1174.0
33880.0,-1177.0
33882.0,-1184.0
33884.0,-1185.0
33886.0,-1190.0
33888.0,-1192.0
33890.0,-1191.0
33892.0,-1197.0
33894.0,-1206.0
33896.0,-1211.0
33898.0,-1209.0
33900.0,-1212.0
33902.0,-1214.0
33904.0,-1212.0
33906.0,-1218.0
33908.0,-1226.0
33910.0,-1224.0
33912.0,-1216.0
33914.0,-1213.0
33916.0,-1216.0
33918.0,-1229.0
33920.0,-1227.0
33922.0,-1211.0
33924.0,-15911.0
33926.0,-250229.0
33928.0,-561427.0
33930.0,-593919.0
33932.0,-566358.0
33934.0,-595387.0
33936.0,-632525.0
33938.0,-644247.0
33940.0,-649636.0
33942.0,-653772.0
33944.0,-657404.0
33946.0,-660521.0
33948.0,-663009.0
33950.0,-665071.0
33952.0,-666825.0
33954.0,-668391.0
33956.0,-669881.0
33958.0,-671365.0
33960.0,-672819.0
33962.0,-674262.0
33964.0,-675644.0
33966.0,-676926.0
33968.0,-678101.0
33970.0,-679200.0
33972.0,-680281.0
33974.0,-681341.0
33976.0,-682358.0
33978.0,-683337.0
33980.0,-684299.0
33982.0,-685248.0
33984.0,-686131.0
33986.0,-686982.0
33988.0,-687813.0
33990.0,-688607.0
33992.0,-689363.0
33994.0,-690089.0
33996.0,-690777.0
33998.0,-691443.0
34000.0,-692072.0
34002.0,-692703.0
34004.0,-693341.0
34006.0,-694026.0
34008.0,-694719.0
34010.0,-695397.0
34012.0,-696082.0
34014.0,-696752.0
34016.0,-697393.0
34018.0,-698014.0
34020.0,-698634.0
34022.0,-699275.0
34024.0,-699910.0
34026.0,-700535.0
34028.0,-701165.0
34030.0,-701791.0
34032.0,-702365.0
34034.0,-702917.0
34036.0,-703454.0
34038.0,-703984.0
34040.0,-704514.0
34042.0,-705060.0
34044.0,-705596.0
34046.0,-706112.0
34048.0,-706649.0
34050.0,-707216.0
34052.0,-707792.0
34054.0,-708347.0
34056.0,-708860.0
34058.0,-709377.0
34060.0,-709909.0
34062.0,-710430.0
34064.0,-710954.0
34066.0,-711509.0
34068.0,-712083.0
34070.0,-712662.0
34072.0,-713213.0
34074.0,-713745.0
34076.0,-714249.0
34078.0,-714746.0
34080.0,-715237.0
34082.0,-715732.0
34084.0,-716231.0
34086.0,-716751.0
34088.0,-717286.0
34090.0,-717819.0
34092.0,-718344.0
34094.0,-718849.0
34096.0,-719330.0
34098.0,-719816.0
34100.0,-720302.0
34102.0,-720787.0
34104.0,-721276.0
34106.0,-721782.0
34108.0,-722301.0
34110.0,-722815.0
34112.0,-723315.0
34114.0,-723811.0
34116.0,-724298.0
34118.0,-724792.0
34120.0,-725266.0
34122.0,-725728.0
34124.0,-726206.0
34126.0,-726736.0
34128.0,-727274.0
34130.0,-727779.0
34132.0,-728262.0
34134.0,-728721.0
34136.0,-729162.0
34138.0,-729587.0
34140.0,-729991.0
34142.0,-730394.0
34144.0,-730796.0
34146.0,-731212.0
34148.0,-731638.0
34150.0,-732061.0
34152.0,-732471.0
34154.0,-732859.0
34156.0,-733222.0
34158.0,-733577.0
34160.0,-733939.0
34162.0,-734304.0
34164.0,-734680.0
34166.0,-735063.0
34168.0,-735456.0
34170.0,-735851.0
34172.0,-736235.0
34174.0,-736599.0
34176.0,-736935.0
34178.0,-737272.0
34180.0,-737614.0
34182.0,-737954.0
34184.0,-738300.0
34186.0,-738661.0
34188.0,-739034.0
34190.0,-739400.0
34192.0,-739762.0
34194.0,-740104.0
34196.0,-740422.0
34198.0,-740738.0
34200.0,-741044.0
34202.0,-741369.0
34204.0,-741709.0
34206.0,-742056.0
34208.0,-742404.0
34210.0,-742747.0
34212.0,-743096.0
34214.0,-743430.0
34216.0,-743724.0
34218.0,-744016.0
34220.0,-744316.0
34222.0,-744616.0
34224.0,-744917.0
34226.0,-745238.0
34228.0,-745565.0
34230.0,-745895.0
34232.0,-746250.0
34234.0,-746895.0
34236.0,-747743.0
34238.0,-748161.0
34240.0,-748378.0
34242.0,-748675.0
34244.0,-749052.0
34246.0,-749405.0
34248.0,-749711.0
34250.0,-749969.0
34252.0,-750199.0
34254.0,-750402.0
34256.0,-750571.0
34258.0,-750727.0
34260.0,-750898.0
34262.0,-751109.0
34264.0,-751361.0
34266.0,-751656.0
34268.0,-751979.0
34270.0,-752309.0
34272.0,-752634.0
34274.0,-752920.0
34276.0,-753157.0
34278.0,-753382.0
34280.0,-753594.0
34282.0,-753830.0
34284.0,-754074.0
34286.0,-754340.0
34288.0,-754629.0
34290.0,-754925.0
34292.0,-755217.0
34294.0,-755490.0
34296.0,-755732.0
34298.0,-755973.0
34300.0,-756202.0
34302.0,-756434.0
34304.0,-756677.0
34306.0,-756935.0
34308.0,-757203.0
34310.0,-757481.0
34312.0,-757755.0
34314.0,-758008.0
34316.0,-758229.0
34318.0,-758451.0
34320.0,-758674.0
34322.0,-758895.0
34324.0,-759121.0
34326.0,-759372.0
34328.0,-759641.0
34330.0,-759906.0
34332.0,-760158.0
34334.0,-760401.0
34336.0,-760609.0
34338.0,-760824.0
34340.0,-761036.0
34342.0,-761258.0
34344.0,-761481.0
34346.0,-761726.0
34348.0,-761992.0
34350.0,-762257.0
34352.0,-762514.0
34354.0,-762751.0
34356.0,-762959.0
34358.0,-763161.0
34360.0,-763365.0
34362.0,-763574.0
34364.0,-763791.0
34366.0,-764030.0
34368.0,-764288.0
34370.0,-764548.0
34372.0,-764793.0
34374.0,-765022.0
34376.0,-765212.0
34378.0,-765398.0
34380.0,-765582.0
34382.0,-765781.0
34384.0,-765987.0
34386.0,-766219.0
34388.0,-766468.0
34390.0,-766714.0
34392.0,-766947.0
34394.0,-767157.0
34396.0,-767337.0
34398.0,-767517.0
34400.0,-767706.0
34402.0,-767895.0
34404.0,-768099.0
34406.0,-768329.0
34408.0,-768573.0
34410.0,-768811.0
34412.0,-769044.0
34414.0,-769250.0
34416.0,-769422.0
34418.0,-769599.0
34420.0,-769781.0
34422.0,-769970.0
34424.0,-770159.0
34426.0,-770366.0
34428.0,-770599.0
34430.0,-770831.0
34432.0,-771050.0
34434.0,-771256.0
34436.0,-771427.0
34438.0,-771597.0
34440.0,-771769.0
34442.0,-771946.0
34444.0,-772139.0
34446.0,-772349.0
34448.0,-772584.0
34450.0,-772809.0
34452.0,-773021.0
34454.0,-773212.0
34456.0,-773365.0
34458.0,-773515.0
34460.0,-773678.0
34462.0,-773850.0
34464.0,-774021.0
34466.0,-774222.0
34468.0,-774449.0
34470.0,-774672.0
34472.0,-774879.0
34474.0,-775067.0
34476.0,-775212.0
34478.0,-775357.0
34480.0,-775510.0
34482.0,-775672.0
34484.0,-775839.0
34486.0,-776032.0
34488.0,-776249.0
34490.0,-776467.0
34492.0,-776667.0
34494.0,-776847.0
34496.0,-776987.0
34498.0,-777119.0
34500.0,-777257.0
34502.0,-777405.0
34504.0,-777558.0
34506.0,-777738.0
34508.0,-777952.0
34510.0,-778161.0
34512.0,-778364.0
34514.0,-778544.0
34516.0,-778678.0
34518.0,-778809.0
34520.0,-778935.0
34522.0,-779075.0
34524.0,-779222.0
34526.0,-779394.0
34528.0,-779602.0
34530.0,-779815.0
34532.0,-780008.0
34534.0,-780186.0
34536.0,-780313.0
34538.0,-780431.0
34540.0,-780553.0
34542.0,-780686.0
34544.0,-780818.0
34546.0,-780991.0
34548.0,-781201.0
34550.0,-781411.0
34552.0,-781602.0
34554.0,-781776.0
34556.0,-781892.0
34558.0,-781996.0
34560.0,-782104.0
34562.0,-782230.0
34564.0,-782352.0
34566.0,-782517.0
34568.0,-782724.0
34570.0,-782931.0
34572.0,-783127.0
34574.0,-783297.0
34576.0,-783409.0
34578.0,-783506.0
34580.0,-783608.0
34582.0,-783727.0
34584.0,-783849.0
34586.0,-784009.0
34588.0,-784204.0
34590.0,-784405.0
34592.0,-784584.0
34594.0,-784737.0
34596.0,-784849.0
34598.0,-784946.0
34600.0,-785045.0
34602.0,-785151.0
34604.0,-785270.0
34606.0,-785425.0
34608.0,-785611.0
34610.0,-785799.0
34612.0,-785967.0
34614.0,-786109.0
34616.0,-786201.0
34618.0,-786300.0
34620.0,-786412.0
34622.0,-786540.0
34624.0,-786667.0
34626.0,-786824.0
34628.0,-787009.0
34630.0,-787189.0
34632.0,-787345.0
34634.0,-787482.0
34636.0,-787578.0
34638.0,-787680.0
34640.0,-787778.0
34642.0,-787900.0
34644.0,-788034.0
34646.0,-788194.0
34648.0,-788374.0
34650.0,-788551.0
34652.0,-788710.0
34654.0,-788849.0
34656.0,-788939.0
34658.0,-789036.0
34660.0,-789141.0
34662.0,-789256.0
34664.0,-789377.0
34666.0,-789534.0
34668.0,-789712.0
34670.0,-789886.0
34672.0,-790037.0
34674.0,-790167.0
34676.0,-790255.0
34678.0,-790353.0
34680.0,-790456.0
34682.0,-790560.0
34684.0,-790677.0
34686.0,-790834.0
34688.0,-791012.0
34690.0,-791189.0
34692.0,-791346.0
34694.0,-791469.0
34696.0,-791547.0
34698.0,-791633.0
34700.0,-791726.0
34702.0,-791834.0
34704.0,-791944.0
34706.0,-792090.0
34708.0,-792266.0
34710.0,-792440.0
34712.0,-792589.0
34714.0,-792711.0
34716.0,-792779.0
34718.0,-792850.0
34720.0,-792936.0
34722.0,-793031.0
34724.0,-793135.0
34726.0,-793284.0
34728.0,-793460.0
34730.0,-793634.0
34732.0,-793781.0
34734.0,-793900.0
34736.0,-793966.0
34738.0,-794039.0
34740.0,-794121.0
34742.0,-794217.0
34744.0,-794319.0
34746.0,-794461.0
34748.0,-794635.0
34750.0,-794804.0
34752.0,-794947.0
34754.0,-795069.0
34756.0,-795128.0
34758.0,-795197.0
34760.0,-795270.0
34762.0,-795358.0
34764.0,-795456.0
34766.0,-795599.0
34768.0,-795775.0
34770.0,-795946.0
34772.0,-796091.0
34774.0,-796207.0
34776.0,-796262.0
34778.0,-796318.0
34780.0,-796385.0
34782.0,-796472.0
34784.0,-796564.0
34786.0,-796697.0
34788.0,-796866.0
34790.0,-797029.0
34792.0,-797159.0
34794.0,-797269.0
34796.0,-797314.0
34798.0,-797362.0
34800.0,-797417.0
34802.0,-797491.0
34804.0,-797570.0
34806.0,-797693.0
34808.0,-797859.0
34810.0,-798022.0
34812.0,-798160.0
34814.0,-798264.0
34816.0,-798304.0
34818.0,-798349.0
34820.0,-798401.0
34822.0,-798467.0
34824.0,-798552.0
34826.0,-798674.0
34828.0,-798831.0
34830.0,-799002.0
34832.0,-799154.0
34834.0,-799269.0
34836.0,-799301.0
34838.0,-799329.0
34840.0,-799363.0
34842.0,-799420.0
34844.0,-799487.0
34846.0,-799605.0
34848.0,-799795.0
34850.0,-799987.0
34852.0,-800147.0
34854.0,-800277.0
34856.0,-800316.0
34858.0,-800347.0
34860.0,-800391.0
34862.0,-800451.0
34864.0,-800521.0
34866.0,-800642.0
34868.0,-800832.0
34870.0,-801031.0
34872.0,-801196.0
34874.0,-801328.0
34876.0,-801379.0
34878.0,-801422.0
34880.0,-801470.0
34882.0,-801526.0
34884.0,-801586.0
34886.0,-801716.0
34888.0,-801906.0
34890.0,-802103.0
34892.0,-802268.0
34894.0,-802394.0
34896.0,-802421.0
34898.0,-802444.0
34900.0,-802466.0
34902.0,-802506.0
34904.0,-802565.0
34906.0,-802686.0
34908.0,-802878.0
34910.0,-803078.0
34912.0,-803243.0
34914.0,-803369.0
34916.0,-803389.0
34918.0,-803401.0
34920.0,-803417.0
34922.0,-803454.0
34924.0,-803504.0
34926.0,-803626.0
34928.0,-803812.0
34930.0,-804014.0
34932.0,-804179.0
34934.0,-804303.0
34936.0,-804322.0
34938.0,-804331.0
34940.0,-804340.0
34942.0,-804381.0
34944.0,-804431.0
34946.0,-804551.0
34948.0,-804748.0
34950.0,-804960.0
34952.0,-805137.0
34954.0,-805267.0
34956.0,-805280.0
34958.0,-805280.0
34960.0,-805279.0
34962.0,-805269.0
34964.0,-805256.0
34966.0,-805319.0
34968.0,-805466.0
34970.0,-805642.0
34972.0,-805793.0
34974.0,-805911.0
34976.0,-805927.0
34978.0,-805943.0
34980.0,-805988.0
34982.0,-806169.0
34984.0,-806236.0
34986.0,-806169.0
34988.0,-806292.0
34990.0,-806492.0
34992.0,-806625.0
34994.0,-806674.0
34996.0,-806716.0
34998.0,-806825.0
35000.0,-806923.0
35002.0,-806980.0
35004.0,-806947.0
35006.0,-806994.0
35008.0,-807142.0
35010.0,-807159.0
35012.0,-807118.0
35014.0,-806926.0
35016.0,-806539.0
35018.0,-806277.0
35020.0,-806069.0
35022.0,-805876.0
35024.0,-805764.0
35026.0,-805781.0
35028.0,-805876.0
35030.0,-805899.0
35032.0,-805988.0
35034.0,-806019.0
35036.0,-805917.0
35038.0,-805912.0
35040.0,-806015.0
35042.0,-806224.0
35044.0,-806469.0
35046.0,-806788.0
35048.0,-807169.0
35050.0,-807576.0
35052.0,-807932.0
35054.0,-808233.0
35056.0,-808458.0
35058.0,-808652.0
35060.0,-808853.0
35062.0,-809097.0
35064.0,-809386.0
35066.0,-809761.0
35068.0,-810212.0
35070.0,-810686.0
35072.0,-811076.0
35074.0,-811407.0
35076.0,-811635.0
35078.0,-811782.0
35080.0,-811956.0
35082.0,-812182.0
35084.0,-812470.0
35086.0,-812891.0
35088.0,-813341.0
35090.0,-813713.0
35092.0,-814026.0
35094.0,-814296.0
35096.0,-814282.0
35098.0,-814240.0
35100.0,-814346.0
35102.0,-814455.0
35104.0,-814487.0
35106.0,-814401.0
35108.0,-814421.0
35110.0,-814526.0
35112.0,-814582.0
35114.0,-814675.0
35116.0,-814749.0
35118.0,-814739.0
35120.0,-814738.0
35122.0,-814789.0
35124.0,-814846.0
35126.0,-814982.0
35128.0,-815231.0
35130.0,-815497.0
35132.0,-815734.0
35134.0,-815955.0
35136.0,-808768.0
35138.0,-500393.0
35140.0,-45291.0
35142.0,-7549.0
35144.0,-9087.0
35146.0,-26917.0
35148.0,-21258.0
35150.0,-8956.0
35152.0,-3502.0
35154.0,-2466.0
35156.0,-2933.0
35158.0,-2096.0
35160.0,-1552.0
35162.0,-1512.0
35164.0,-1532.0
35166.0,-1551.0
35168.0,-9001.0
35170.0,-269433.0
35172.0,-624562.0
35174.0,-672545.0
35176.0,-686386.0
35178.0,-695874.0
35180.0,-703210.0
35182.0,-709231.0
35184.0,-714355.0
35186.0,-718856.0
35188.0,-722890.0
35190.0,-726534.0
35192.0,-729840.0
35194.0,-732322.0
35196.0,-593751.0
35198.0,-424977.0
35200.0,-647949.0
35202.0,-379435.0
35204.0,-23785.0
35206.0,-1302.0
35208.0,-1235.0
35210.0,-1220.0
35212.0,-1199.0
35214.0,-1191.0
35216.0,-1194.0
35218.0,-1189.0
35220.0,-1185.0
35222.0,-1182.0
35224.0,-1178.0
35226.0,-1179.0
35228.0,-1177.0
35230.0,-1173.0
35232.0,-1177.0
35234.0,-1181.0
35236.0,-1179.0
35238.0,-1175.0
35240.0,-1174.0
35242.0,-1173.0
35244.0,-1169.0
35246.0,-1169.0
35248.0,-1170.0
35250.0,-1168.0
35252.0,-1170.0
35254.0,-1169.0
35256.0,-1168.0
35258.0,-1164.0
35260.0,-1163.0
35262.0,-1166.0
35264.0,-1166.0
35266.0,-1165.0
35268.0,-1162.0
35270.0,-1162.0
35272.0,-1162.0
35274.0,-1164.0
35276.0,-1164.0
35278.0,-1166.0
35280.0,-1161.0
35282.0,-1161.0
35284.0,-1165.0
35286.0,-1164.0
35288.0,-1161.0
35290.0,-1161.0
35292.0,-1159.0
35294.0,-1161.0
35296.0,-1159.0
35298.0,-1162.0
35300.0,-1167.0
35302.0,-1163.0
35304.0,-1162.0
35306.0,-1164.0
35308.0,-1166.0
35310.0,-1166.0
35312.0,-1164.0
35314.0,-1161.0
35316.0,-1165.0
35318.0,-1166.0
35320.0,-1166.0
35322.0,-1166.0
35324.0,-1165.0
35326.0,-1167.0
35328.0,-1162.0
35330.0,-1162.0
35332.0,-1162.0
35334.0,-1162.0
35336.0,-1164.0
35338.0,-1161.0
35340.0,-1163.0
35342.0,-1166.0
35344.0,-1166.0
35346.0,-1166.0
35348.0,-1163.0
35350.0,-1161.0
35352.0,-1164.0
35354.0,-1166.0
35356.0,-1166.0
35358.0,-1164.0
35360.0,-1163.0
35362.0,-1159.0
35364.0,-1163.0
35366.0,-1166.0
35368.0,-1166.0
35370.0,-1168.0
35372.0,-1165.0
35374.0,-1161.0
35376.0,-1163.0
35378.0,-1164.0
35380.0,-1163.0
35382.0,-1166.0
35384.0,-1165.0
35386.0,-1161.0
35388.0,-1160.0
35390.0,-1155.0
35392.0,-1161.0
35394.0,-1162.0
35396.0,-1162.0
35398.0,-1161.0
35400.0,-1160.0
35402.0,-1161.0
35404.0,-1165.0
35406.0,-1170.0
35408.0,-1166.0
35410.0,-1164.0
35412.0,-1161.0
35414.0,-1158.0
35416.0,-1161.0
35418.0,-1162.0
35420.0,-1161.0
35422.0,-1159.0
35424.0,-1162.0
35426.0,-1164.0
35428.0,-1166.0
35430.0,-1167.0
35432.0,-1161.0
35434.0,-1164.0
35436.0,-1161.0
35438.0,-1161.0
35440.0,-1161.0
35442.0,-1164.0
35444.0,-1167.0
35446.0,-1157.0
35448.0,-1156.0
35450.0,-1159.0
35452.0,-1157.0
35454.0,-1158.0
35456.0,-1161.0
35458.0,-1158.0
35460.0,-1160.0
35462.0,-1168.0
35464.0,-1165.0
35466.0,-1163.0
35468.0,-1162.0
35470.0,-1162.0
35472.0,-1162.0
35474.0,-1162.0
35476.0,-1160.0
35478.0,-1157.0
35480.0,-1161.0
35482.0,-1164.0
35484.0,-1159.0
35486.0,-1159.0
35488.0,-1163.0
35490.0,-1164.0
35492.0,-1162.0
35494.0,-1164.0
35496.0,-1165.0
35498.0,-1162.0
35500.0,-1166.0
35502.0,-1165.0
35504.0,-1166.0
35506.0,-1165.0
35508.0,-1166.0
35510.0,-1160.0
35512.0,-1161.0
35514.0,-1161.0
35516.0,-1159.0
35518.0,-1162.0
35520.0,-1166.0
35522.0,-1164.0
35524.0,-1162.0
35526.0,-1162.0
35528.0,-1161.0
35530.0,-1159.0
35532.0,-1152.0
35534.0,-1159.0
35536.0,-1162.0
35538.0,-1162.0
35540.0,-1162.0
35542.0,-1162.0
35544.0,-1164.0
35546.0,-1166.0
35548.0,-1166.0
35550.0,-1162.0
35552.0,-1160.0
35554.0,-1159.0
35556.0,-1160.0
35558.0,-1163.0
35560.0,-1164.0
35562.0,-1160.0
35564.0,-1161.0
35566.0,-1161.0
35568.0,-1163.0
35570.0,-1160.0
35572.0,-1160.0
35574.0,-1161.0
35576.0,-1163.0
35578.0,-1160.0
35580.0,-1166.0
35582.0,-1167.0
35584.0,-1164.0
35586.0,-1163.0
35588.0,-1163.0
35590.0,-1164.0
35592.0,-1165.0
35594.0,-1164.0
35596.0,-1165.0
35598.0,-1168.0
35600.0,-1166.0
35602.0,-1166.0
35604.0,-1165.0
35606.0,-1168.0
35608.0,-1170.0
35610.0,-1164.0
35612.0,-1163.0
35614.0,-1161.0
35616.0,-1162.0
35618.0,-1166.0
35620.0,-1165.0
35622.0,-1166.0
35624.0,-1170.0
35626.0,-1170.0
35628.0,-1165.0
35630.0,-1162.0
35632.0,-1162.0
35634.0,-1164.0
35636.0,-1164.0
35638.0,-1167.0
35640.0,-1166.0
35642.0,-1164.0
35644.0,-1161.0
35646.0,-1161.0
35648.0,-1162.0
35650.0,-1162.0
35652.0,-1164.0
35654.0,-1165.0
35656.0,-1164.0
35658.0,-1165.0
35660.0,-1164.0
35662.0,-1168.0
35664.0,-1170.0
35666.0,-1166.0
35668.0,-1163.0
35670.0,-1167.0
35672.0,-1166.0
35674.0,-1159.0
35676.0,-1163.0
35678.0,-1167.0
35680.0,-1159.0
35682.0,-1164.0
35684.0,-1166.0
35686.0,-1167.0
35688.0,-1161.0
35690.0,-1162.0
35692.0,-1164.0
35694.0,-1166.0
35696.0,-1162.0
35698.0,-1162.0
35700.0,-1160.0
35702.0,-1157.0
35704.0,-1161.0
35706.0,-1160.0
35708.0,-1158.0
35710.0,-1161.0
35712.0,-1164.0
35714.0,-1162.0
35716.0,-1166.0
35718.0,-1165.0
35720.0,-1162.0
35722.0,-1162.0
35724.0,-1165.0
35726.0,-1164.0
35728.0,-1166.0
35730.0,-1167.0
35732.0,-1167.0
35734.0,-1164.0
35736.0,-1159.0
35738.0,-1164.0
